name,club,apps,mins,carries_total,carries_distance,carries_avg,progressive_total,progressive_distance,progressive_avg,ended_with_shot,ended_with_goal,ended_with_chance,ended_with_assist
Pau Cubarsí,Barcelona,31,2708,729,7384.8,10.1,373,3668.4,9.8,3,0,3,0
Pedri,Barcelona,29,2107,698,7448.2,10.7,334,3448.7,10.3,8,2,19,7
Lamine Yamal,Barcelona,28,2268,671,7493.6,11.2,381,4084.1,10.7,50,7,36,5
Gerard Martín,Barcelona,30,2124,425,4038.5,9.5,244,2284.2,9.4,3,0,2,0
Frenkie de Jong,Barcelona,25,1631,418,4904.1,11.7,230,2667.3,11.6,0,0,6,2
Eric García,Barcelona,34,2730,360,3470.1,9.6,197,1914.2,9.7,4,0,6,0
Jules Koundé,Barcelona,30,2261,337,3109.7,9.2,196,1692.1,8.6,2,0,4,0
Fermín López,Barcelona,30,1797,312,3277.3,10.5,141,1253.0,8.9,16,3,11,5
Alejandro Balde,Barcelona,26,1874,304,3454.4,11.4,159,1578.4,9.9,7,0,5,1
Marcus Rashford,Barcelona,32,1761,292,3711.7,12.7,167,2089.0,12.5,23,1,8,1
Dani Olmo,Barcelona,33,2077,243,2505.2,10.3,107,1030.8,9.6,12,1,10,2
Raphinha,Barcelona,22,1388,226,2392.6,10.6,130,1323.1,10.2,23,5,12,0
Marc Casadó,Barcelona,20,981,191,1718.9,9.0,77,579.0,7.5,0,0,2,0
João Cancelo,Barcelona,16,952,189,2255.2,11.9,125,1343.9,10.8,5,2,4,0
Ronald Araujo,Barcelona,24,1061,176,1975.4,11.2,98,1129.2,11.5,2,0,0,0
Ferran Torres,Barcelona,26,1976,101,1059.2,10.5,42,266.7,6.3,8,4,4,0
Robert Lewandowski,Barcelona,25,1656,71,713.4,10.0,32,248.2,7.8,9,2,3,0
Vinícius Júnior,Real Madrid,36,2825,702,9269.9,13.2,419,5084.7,12.1,49,6,43,5
Federico Valverde,Real Madrid,33,2746,444,4946.1,11.1,210,2222.2,10.6,10,2,9,2
Dean Huijsen,Real Madrid,27,2037,432,4500.1,10.4,266,2954.7,11.1,3,0,3,0
Kylian Mbappé,Real Madrid,31,2604,411,5239.1,12.7,222,3032.5,13.7,38,5,20,1
Aurélien Tchouaméni,Real Madrid,33,2622,393,3890.8,9.9,180,1711.2,9.5,1,0,7,0
Álvaro Carreras,Real Madrid,27,2334,369,4005.6,10.9,208,2075.2,10.0,4,1,15,1
Jude Bellingham,Real Madrid,27,1917,369,3961.8,10.7,153,1555.9,10.2,13,2,8,2
Arda Güler,Real Madrid,32,2026,363,3626.7,10.0,150,1167.9,7.8,9,0,14,2
Antonio Rüdiger,Real Madrid,18,1492,256,2218.7,8.7,118,1014.8,8.6,1,0,1,0
Raúl Asencio,Real Madrid,23,1706,244,2362.1,9.7,137,1323.9,9.7,1,0,2,0
Eduardo Camavinga,Real Madrid,27,1526,234,2458.9,10.5,98,844.5,8.6,2,0,3,0
Franco Mastantuono,Real Madrid,23,1037,224,2514.5,11.2,7,1374.7,5.3,7,1,3,0
Brahim Díaz,Real Madrid,29,1252,183,2129.9,11.6,88,962.3,10.9,3,1,8,2
Éder Militão,Real Madrid,16,1141,175,1679.4,9.6,78,842.0,10.8,1,1,2,0
Trent Alexander-Arnold,Real Madrid,19,1163,173,1573.6,9.1,79,564.4,7.1,1,0,3,1
Fran García,Real Madrid,13,929,111,1370.2,12.3,62,750.8,12.1,3,0,1,1
Dani Carvajal,Real Madrid,15,976,78,670.2,8.6,38,198.7,5.2,0,0,5,1
Gonzalo García,Real Madrid,21,952,66,666.0,10.1,28,159.8,5.7,6,1,4,0
Nicolas Pépé,Villarreal,36,2396,415,5277.9,12.7,233,2662.2,11.4,25,4,22,4
Renato Veiga,Villarreal,30,2478,315,3368.8,10.7,184,1948.0,10.6,3,0,0,0
Alberto Moleiro,Villarreal,37,2490,285,3483.0,12.2,168,2157.1,12.8,13,4,10,3
Pape Gueye,Villarreal,30,2143,261,2339.6,9.0,137,1186.4,8.7,7,0,5,0
Santiago Mouriño,Villarreal,28,2384,255,2777.1,10.9,137,1424.5,10.4,5,1,2,1
Alfonso Pedraza,Villarreal,27,1690,246,3354.2,13.6,161,2006.5,12.5,5,1,9,1
Santi Comesaña,Villarreal,33,2413,240,2521.4,10.5,140,1363.7,9.7,2,0,6,2
Tajon Buchanan,Villarreal,31,1821,213,3008.4,14.1,149,2084.9,14.0,1,0,4,0
Rafa Marín,Villarreal,22,1980,179,1737.3,9.7,103,959.8,9.3,0,0,0,0
Gerard Moreno,Villarreal,22,1350,171,1843.0,10.8,78,687.3,8.8,3,0,10,0
Sergi Cardona,Villarreal,30,1965,166,1750.6,10.5,115,1158.4,10.1,1,0,6,1
Georges Mikautadze,Villarreal,30,2117,155,1829.0,11.8,83,1037.1,12.5,1,0,2,1
Pau Navarro,Villarreal,23,1924,137,1188.4,8.7,65,620.7,9.5,0,0,0,0
Thomas Partey,Villarreal,20,923,129,1316.5,10.2,69,716.1,10.4,2,0,4,0
Dani Parejo,Villarreal,26,1390,116,998.6,8.6,34,244.4,7.2,0,0,3,0
Juan Foyth,Villarreal,11,936,116,1207.5,10.4,71,1694.9,9.8,0,0,0,0
Ayoze Pérez,Villarreal,22,1122,106,1094.8,10.3,66,702.1,10.6,5,0,7,1
Koke,Atlético Madrid,34,2220,359,3631.8,10.1,186,1693.4,9.1,0,0,2,0
Marcos Llorente,Atlético Madrid,29,2184,351,4169.3,11.9,183,1932.4,10.6,3,0,11,2
Dávid Hancko,Atlético Madrid,29,2434,331,13538.4,10.7,212,2289.0,10.8,1,0,3,1
Pablo Barrios,Atlético Madrid,23,1666,321,13732.6,11.6,146,1339.7,9.2,3,0,8,0
Álex Baena,Atlético Madrid,27,1572,293,3454.9,11.8,153,1671.9,10.9,9,1,11,1
Julián Alvarez,Atlético Madrid,29,1902,266,3189.0,12.0,129,1287.8,10.0,10,1,14,1
Giuliano Simeone,Atlético Madrid,30,2109,263,3037.2,11.5,135,1263.9,9.4,1,0,19,3
Robin Le Normand,Atlético Madrid,28,1783,249,2504.6,10.1,125,1173.6,9.4,0,0,0,0
Thiago Almada,Atlético Madrid,26,1312,242,2554.5,10.6,102,779.3,7.6,8,0,8,1
Clément Lenglet,Atlético Madrid,17,1393,238,2620.8,11.0,177,2005.8,11.3,0,0,3,1
Marc Pubill,Atlético Madrid,18,1382,224,2399.5,10.7,121,1325.6,11.0,2,0,2,0
Rodrigo Mendoza,Atlético Madrid,23,1231,178,1895.0,10.6,97,932.7,9.6,6,0,3,0
Antoine Griezmann,Atlético Madrid,33,1468,176,1805.9,10.3,85,821.1,9.7,8,2,5,1
Matteo Ruggeri,Atlético Madrid,25,1775,163,1777.0,10.9,101,986.9,9.8,1,0,4,0
Nahuel Molina,Atlético Madrid,22,1321,153,1747.9,11.4,96,1046.5,10.9,0,0,5,2
Nico González,Atlético Madrid,23,1453,147,1838.5,12.5,93,1145.8,12.3,1,0,2,0
Alexander Sørloth,Atlético Madrid,31,1981,134,1617.7,12.1,72,778.7,10.8,13,1,4,0
José María Giménez,Atlético Madrid,14,1177,130,1196.1,9.2,71,1606.1,8.5,0,0,0,0
Pablo Fornals,Real Betis,36,2865,463,4452.1,9.6,223,1976.5,8.9,9,2,16,3
Antony,Real Betis,32,2459,425,5198.6,12.2,262,3011.6,11.5,32,2,18,1
Abde Ezzalzouli,Real Betis,29,2255,377,5253.9,13.9,230,3410.4,14.8,27,2,14,2
Natan,Real Betis,33,2810,357,3507.5,9.8,167,1582.1,9.5,0,0,1,0
Marc Bartra,Real Betis,24,1978,273,2756.0,10.1,167,1799.4,10.8,3,0,1,0
Marc Roca,Real Betis,28,2025,245,2313.4,9.4,99,842.7,8.5,0,0,5,0
Cucho Hernández,Real Betis,32,2592,231,2316.4,10.0,116,996.8,8.6,25,2,10,0
Giovani Lo Celso,Real Betis,24,1396,228,2405.9,10.6,103,961.5,9.3,5,0,8,1
Sofyan Amrabat,Real Betis,17,1296,225,2273.3,10.1,81,1500.9,6.2,1,0,0,0
Sergi Altimira,Real Betis,24,1182,201,2060.8,10.3,86,810.1,9.4,1,0,1,0
Diego Llorente,Real Betis,18,1226,176,1652.4,9.4,99,983.9,9.9,0,0,0,0
Héctor Bellerín,Real Betis,23,1820,174,1787.4,10.3,108,1091.3,10.1,1,0,8,2
Valentín Gómez,Real Betis,25,1875,168,1617.6,9.6,94,809.0,8.6,1,0,2,0
Aitor Ruibal,Real Betis,26,1814,144,1448.4,10.1,83,799.3,9.6,5,1,14,0
Ricardo Rodríguez,Real Betis,20,1546,118,1186.1,10.1,63,604.4,9.6,0,0,1,0
Marcos Alonso,Celta Vigo,32,2770,757,8668.8,11.5,475,5700.6,12.0,3,0,4,0
Sergio Carreira,Celta Vigo,33,2693,395,4386.8,11.1,208,1749.7,8.4,3,1,15,0
Javi Rodríguez,Celta Vigo,31,2561,274,2680.7,9.8,157,1636.5,10.4,1,0,4,1
Óscar Mingueza,Celta Vigo,32,1967,253,2635.5,10.4,132,1208.3,9.2,0,0,5,0
Álvaro Núñez,Celta Vigo,25,1984,242,2535.2,10.5,106,824.9,7.8,3,0,2,0
Hugo Sotelo,Celta Vigo,20,1342,232,2449.0,10.6,115,1051.6,9.1,0,0,3,1
Ilaix Moriba,Celta Vigo,35,2488,226,2211.4,9.8,89,748.1,8.4,4,0,5,2
Bryan Zaragoza,Celta Vigo,18,1135,223,2665.2,12.0,138,1528.3,11.1,19,0,10,0
Fer López,Celta Vigo,17,1174,210,2324.9,11.1,92,778.7,8.5,4,0,0,0
Hugo Álvarez,Celta Vigo,28,1337,199,2394.5,12.0,112,1236.5,11.0,6,2,13,1
Ferran Jutglà,Celta Vigo,28,1663,166,1781.7,10.7,93,850.5,9.1,13,2,5,1
Iago Aspas,Celta Vigo,32,1130,159,1743.0,11.0,72,758.5,10.5,3,1,7,2
Carl Starfelt,Celta Vigo,17,1492,145,1352.6,9.3,84,740.0,8.8,0,0,1,0
Miguel Román,Celta Vigo,18,1310,134,1295.8,9.7,65,599.7,9.2,0,0,3,0
Williot Swedberg,Celta Vigo,26,1268,117,1287.0,11.0,56,464.5,8.3,7,3,5,2
Yoel Lago,Celta Vigo,11,940,110,1010.0,9.2,65,576.0,8.9,0,0,0,0
Pablo Durán,Celta Vigo,27,1424,107,1079.1,10.1,42,355.2,8.5,9,1,2,0
Borja Iglesias,Celta Vigo,32,1902,105,890.7,8.5,3,182.8,2.7,5,0,5,0
Javi Rueda,Celta Vigo,24,1404,102,1026.9,10.1,44,261.1,5.9,0,0,2,0
Luis Milla,Getafe,37,3273,247,2655.6,10.8,124,1174.6,9.5,1,0,9,2
Juan Iglesias,Getafe,37,3189,229,2451.8,10.7,129,1361.3,10.6,6,0,2,0
Mauro Arambarri,Getafe,37,3255,227,2420.7,10.7,113,1011.8,9.0,5,0,6,0
Djené Dakonam,Getafe,33,2585,157,1511.4,9.6,70,527.5,7.5,0,0,0,0
Mario Martín,Getafe,33,2134,149,1513.2,10.2,59,430.1,7.3,4,0,2,1
Kiko Femenía,Getafe,27,2020,149,1701.0,11.4,75,772.4,10.3,1,0,5,0
Domingos Duarte,Getafe,30,2928,134,1239.6,9.3,50,421.7,8.4,0,0,0,0
Martín Satriano,Getafe,18,1604,130,1612.6,12.4,63,721.2,11.4,9,0,4,0
Zaid Romero,Getafe,15,1350,127,1526.1,12.0,70,820.8,11.7,1,0,0,0
Adrián Liso,Getafe,25,1709,117,1302.5,11.1,61,687.6,11.3,12,2,0,0
Diego Rico,Getafe,24,1753,98,1036.1,10.6,60,540.5,9.0,1,0,1,0
Abdel Abqar,Getafe,18,1440,87,861.3,9.9,46,352.7,7.7,0,0,1,0
Luis Vázquez,Getafe,17,1204,56,539.2,9.6,20,74.4,3.7,5,1,0,0
Borja Mayoral,Getafe,15,1059,45,454.5,10.1,16,63.6,4.0,1,0,0,0
Andrei Ratiu,Rayo Vallecano,35,2804,445,5708.8,12.8,287,3535.6,12.3,11,0,18,3
Florian Lejeune,Rayo Vallecano,36,3231,440,4256.5,9.7,243,2392.6,9.8,6,0,4,0
Pep Chavarría,Rayo Vallecano,33,2681,398,4973.9,12.5,255,3077.6,12.1,3,1,15,1
Isi Palazón,Rayo Vallecano,31,2262,279,3093.9,11.1,110,862.8,7.8,15,0,3,2
Pathé Ciss,Rayo Vallecano,29,1995,247,2481.4,10.0,138,1285.7,9.3,3,0,3,0
Unai López,Rayo Vallecano,26,1618,218,2145.8,9.8,91,774.1,8.5,2,0,6,0
Pedro Díaz,Rayo Vallecano,30,1869,199,2310.0,11.6,114,1266.2,11.1,14,0,3,0
Óscar Valentín,Rayo Vallecano,29,2113,195,2028.7,10.4,101,992.1,9.8,0,0,0,0
Jorge de Frutos,Rayo Vallecano,35,2483,186,2222.3,11.9,128,1494.2,11.7,15,0,13,0
Pacha Espino,Rayo Vallecano,27,1480,172,1929.6,11.2,97,1088.0,11.2,4,0,6,0
Fran Pérez,Rayo Vallecano,28,1234,171,2282.4,13.3,93,1089.5,11.7,1,0,4,1
Nobel Mendy,Rayo Vallecano,23,1804,171,1515.5,8.9,79,740.6,9.4,3,0,0,0
Álvaro García,Rayo Vallecano,29,2105,117,1275.3,10.9,70,709.1,10.1,7,1,12,1
Gerard Gumbau,Rayo Vallecano,21,1171,82,803.1,9.8,39,279.8,7.2,4,0,2,0
Alemão,Rayo Vallecano,18,1132,45,464.2,10.3,18,164.8,9.2,5,1,2,0
Luis Rioja,Valencia,37,2636,361,4190.2,11.6,165,1530.4,9.3,13,0,15,3
Javi Guerra,Valencia,32,2069,277,3218.8,11.6,151,1663.1,11.0,5,3,5,0
César Tárrega,Valencia,31,2597,270,2811.1,10.4,130,1530.2,11.8,0,0,2,0
Pepelu,Valencia,30,2232,258,2247.4,8.7,107,937.1,8.8,1,0,2,0
Arnaut Danjuma,Valencia,30,1627,222,3140.9,14.1,128,1929.9,15.1,18,1,12,2
José Gayà,Valencia,30,2461,222,2441.6,11.0,110,1006.7,9.2,1,0,7,0
André Almeida,Valencia,20,1016,196,2062.6,10.5,97,987.4,10.2,2,0,6,0
Copete,Valencia,19,1760,191,1803.0,9.4,105,1025.7,9.8,0,0,1,0
Eray Cömert,Valencia,17,1339,173,1808.4,10.5,76,780.1,10.3,1,0,0,0
Largie Ramazani,Valencia,26,1224,169,2093.0,12.4,100,1184.1,11.8,18,2,7,1
Diego López,Valencia,31,1762,159,2108.4,13.3,88,1231.0,14.0,3,0,5,0
Thierry Correia,Valencia,23,1394,147,1595.6,10.9,101,1102.2,10.9,0,0,5,2
Guido Rodríguez,Valencia,16,1308,134,1192.3,8.9,56,464.4,8.3,1,0,1,0
Lucas Beltrán,Valencia,26,1366,134,1501.1,11.2,73,654.8,9.0,5,0,5,1
Jesús Vázquez,Valencia,22,962,129,1590.2,12.3,87,1055.4,12.1,3,0,8,0
Filip Ugrinic,Valencia,23,1507,127,1331.3,10.5,52,398.4,7.7,1,0,3,0
Dimitri Foulquier,Valencia,13,1148,111,1227.8,11.1,68,631.9,9.3,0,0,1,0
Umar Sadiq,Valencia,24,1054,102,1211.4,11.9,42,353.9,8.4,6,1,1,0
Unai Núñez,Valencia,12,912,64,632.9,9.9,37,375.1,10.1,0,0,0,0
Hugo Duro,Valencia,23,1981,43,441.0,10.3,17,157.9,9.3,1,0,0,0
Jon Martín,Real Sociedad,25,2250,435,5453.4,10.4,206,2438.3,11.8,0,0,1,0
Jon Gorrotxategi,Real Sociedad,29,2215,319,3098.8,9.7,136,1346.2,9.9,1,0,3,0
Ander Barrenetxea,Real Sociedad,29,1769,318,3741.5,11.8,163,1454.5,8.9,14,1,15,3
Sergio Gómez,Real Sociedad,35,2705,305,3236.7,10.6,174,1492.6,8.6,4,0,5,1
Igor Zubeldia,Real Sociedad,24,2082,290,2913.4,10.0,173,1803.3,10.4,0,0,0,0
Takefusa Kubo,Real Sociedad,24,1508,278,3401.5,12.2,158,1668.5,10.6,13,0,16,2
Duje Caleta-Car,Real Sociedad,26,2150,276,2598.2,9.4,146,1407.6,9.6,0,0,1,0
Carlos Soler,Real Sociedad,31,2325,275,2870.1,10.4,146,1317.8,9.0,9,1,12,0
Mikel Oyarzabal,Real Sociedad,34,2714,265,3078.6,11.6,145,1449.6,10.0,17,3,15,2
Jon Aramburu,Real Sociedad,34,2778,227,2177.2,9.6,118,1060.8,9.0,0,0,0,0
Gonçalo Guedes,Real Sociedad,32,1832,213,2331.1,10.9,118,1102.8,9.3,1,0,3,3
Brais Méndez,Real Sociedad,29,1672,205,1830.1,8.9,96,658.7,6.9,8,1,14,1
Luka Sucic,Real Sociedad,22,1018,188,1987.5,10.6,83,577.2,7.0,4,0,6,1
Beñat Turrientes,Real Sociedad,25,1347,171,1753.7,10.3,92,930.1,10.1,7,0,3,2
Pablo Marín,Real Sociedad,29,1494,119,1376.8,11.6,74,736.8,10.0,3,0,1,0
Carlos Romero,Espanyol,36,3195,404,5054.2,12.5,240,2429.9,10.1,17,1,19,1
Tyrhys Dolan,Espanyol,36,2431,342,4124.5,12.1,201,2234.0,11.1,10,0,16,2
Edu Expósito,Espanyol,35,2542,273,2857.9,10.5,149,1734.1,11.6,2,0,15,1
Leandro Cabrera,Espanyol,36,3330,226,1991.6,8.8,117,1075.8,9.2,0,0,0,0
Omar El Hilali,Espanyol,34,2828,226,2290.3,10.1,121,1102.4,9.1,0,0,5,1
Fernando Calero,Espanyol,25,2150,221,1932.2,8.7,118,1161.8,9.8,0,0,0,0
Urko González de Zárate,Espanyol,32,2629,218,2315.7,10.6,106,1077.9,10.2,1,0,3,1
Pol Lozano,Espanyol,28,2171,191,1778.4,9.3,77,672.1,8.7,1,0,5,1
Clemens Riedel,Espanyol,19,1397,163,1417.6,8.7,74,668.0,9.0,1,0,0,0
Jofre Carreras,Espanyol,25,921,112,1610.5,12.5,88,1115.7,12.7,7,0,8,0
Pere Milla,Espanyol,31,1986,127,1299.5,10.2,83,840.9,10.1,4,0,7,0
Roberto Fernández,Espanyol,33,2387,90,1025.5,11.4,47,533.8,11.4,4,0,3,0
Kike García,Espanyol,29,1727,85,917.2,10.8,37,182.1,4.9,3,1,3,0
Ramon Terrats,Espanyol,23,1023,71,737.4,10.4,41,431.9,10.5,1,0,4,1
Nico Williams,Athletic Bilbao,25,1687,326,4084.7,12.5,227,2712.4,11.9,14,3,11,2
Dani Vivian,Athletic Bilbao,30,2563,299,3023.2,10.1,159,1725.8,10.9,0,0,2,0
Íñigo Ruíz de Galarreta,Athletic Bilbao,33,2231,297,3173.9,10.7,153,1463.1,9.6,4,0,4,1
Alex Berenguer,Athletic Bilbao,31,2164,295,3283.1,11.1,147,1234.9,8.4,5,0,5,1
Aymeric Laporte,Athletic Bilbao,25,2060,282,3179.0,11.3,203,2266.6,11.2,0,0,3,1
Mikel Jauregizar,Athletic Bilbao,35,2843,269,2426.6,9.0,115,1054.7,9.2,3,2,3,0
Yuri Berchiche,Athletic Bilbao,32,2709,257,2598.2,10.1,174,1787.1,10.3,6,0,4,2
Aitor Paredes,Athletic Bilbao,19,1629,255,2679.7,10.5,151,1549.9,10.3,0,0,0,0
Oihan Sancet,Athletic Bilbao,28,1803,206,2280.5,11.1,122,1291.3,10.6,5,1,9,0
Robert Navarro,Athletic Bilbao,31,1294,194,2484.8,12.8,125,1552.0,12.4,3,1,17,0
Iñaki Williams,Athletic Bilbao,28,2168,185,2156.9,11.7,118,1334.5,11.3,13,0,7,3
Jesús Areso,Athletic Bilbao,25,1504,165,2141.5,13.0,115,1478.0,12.9,1,0,6,1
Andoni Gorosabel,Athletic Bilbao,23,1358,112,1191.6,10.6,67,688.5,10.3,1,0,4,0
Alejandro Rego,Athletic Bilbao,23,1265,92,946.5,10.3,48,454.0,9.5,0,0,0,0
Gorka Guruzeta,Athletic Bilbao,28,2371,83,762.7,9.2,36,217.9,6.1,6,0,4,0
Unai Gómez,Athletic Bilbao,22,932,57,606.0,10.6,34,314.6,9.3,5,0,3,0
José Ángel Carmona,Sevilla,35,2564,324,3864.3,11.9,199,2398.7,12.1,7,1,7,3
Kike Salas,Sevilla,25,2203,272,2611.0,9.6,144,1583.6,11.0,1,1,0,0
Lucien Agoumé,Sevilla,34,2693,264,2922.7,11.1,142,1445.1,10.2,1,0,6,1
Juanlu Sánchez,Sevilla,31,1993,230,2839.0,12.3,155,1747.1,11.3,4,0,7,2
Chidera Ejuke,Sevilla,27,923,227,2614.6,11.5,117,1087.9,9.3,12,1,3,1
Rubén Vargas,Sevilla,24,1608,223,2694.5,12.1,114,1220.4,10.7,15,2,7,2
Djibril Sow,Sevilla,31,2195,216,2181.0,10.1,79,563.2,7.1,0,0,5,1
Gabriel Suazo,Sevilla,27,2096,215,2145.6,10.0,122,1081.7,8.9,1,0,6,0
Nemanja Gudelj,Sevilla,29,2348,192,1754.4,9.1,78,675.6,8.7,3,0,3,0
Andrés Castrín,Sevilla,18,1275,178,1827.2,10.3,104,1082.9,10.4,0,0,1,0
Oso,Sevilla,20,1409,158,2102.4,13.3,105,1379.8,13.1,6,0,4,2
Marcão,Sevilla,12,937,150,1612.0,10.7,81,895.9,11.1,0,0,0,0
Batista Mendy,Sevilla,21,1619,143,1571.3,11.0,60,589.0,9.8,5,0,5,0
César Azpilicueta,Sevilla,17,1218,132,1444.4,10.9,85,988.5,11.6,0,0,1,1
Peque Fernández,Sevilla,21,978,127,1644.0,12.9,75,971.7,13.0,3,0,4,0
Akor Adams,Sevilla,29,2059,116,1431.5,12.3,77,891.1,11.6,2,4,1,0
Alexis Sánchez,Sevilla,26,1298,114,996.2,8.7,37,195.9,5.3,2,0,6,0
Isaac Romero,Sevilla,25,1490,107,1135.5,10.6,43,366.7,8.5,8,0,4,0
Jonny,Alaves,34,2998,451,4882.5,10.8,267,2586.2,9.7,3,0,6,0
Nahuel Tenaglia,Alaves,36,3239,339,3771.5,11.1,189,2090.3,11.1,4,0,0,0
Pablo Ibáñez,Alaves,37,2247,313,3646.5,11.7,156,1527.1,9.8,6,0,4,0
Antonio Blanco,Alaves,35,3116,299,2882.7,9.6,131,1226.5,9.4,3,0,5,2
Denis Suárez,Alaves,30,1406,240,2639.7,11.0,109,1195.8,11.0,3,0,6,1
Jon Pacheco,Alaves,22,1734,216,2353.3,10.9,125,1367.1,10.9,0,0,2,0
Abde Rebbach,Alaves,28,1492,196,2543.6,13.0,118,1454.1,12.3,16,1,10,1
Lucas Boyé,Alaves,28,1959,173,1820.5,10.5,87,810.3,9.3,15,1,8,1
Carlos Vicente,Alaves,21,1256,162,1770.5,10.9,96,901.6,9.4,3,0,3,0
Victor Parada,Alaves,26,2151,161,1707.3,10.6,80,866.7,10.8,2,0,2,1
Carles Aleñá,Alaves,31,1995,159,1635.8,10.3,83,739.8,8.9,4,0,4,0
Ángel Pérez,Alaves,16,1290,155,2012.9,13.0,95,1207.6,12.7,6,0,8,2
Toni Martínez,Alaves,36,2725,133,1585.3,11.9,64,778.9,12.2,19,1,3,1
Youssef Enríquez,Alaves,21,1332,113,1154.2,10.2,66,609.1,9.2,4,0,6,1
Jon Guridi,Alaves,24,1240,101,1142.6,11.3,42,378.9,9.0,2,0,2,0
Aleix Febas,Elche,36,3166,589,7214.4,12.2,332,4197.3,12.6,7,0,13,1
David Affengruber,Elche,36,2953,532,25722.1,10.8,332,3643.8,11.0,1,0,1,0
Germán Valera,Elche,36,2869,430,5672.6,13.2,209,2156.8,10.3,8,0,13,3
Victor Chust,Elche,29,2165,358,3905.5,10.9,187,1707.9,9.1,0,0,2,0
Pedro Bigas,Elche,28,2068,313,3377.0,10.8,168,1443.4,8.6,2,1,2,1
Martim Neto,Elche,24,1352,180,2197.4,12.2,86,1074.7,12.5,3,0,3,0
Léo Pétrot,Elche,24,1568,167,1703.7,10.2,83,509.5,6.1,3,0,1,0
Álvaro Rodríguez,Elche,33,2200,164,1837.0,11.2,86,859.6,10.0,13,2,10,1
Marc Aguado,Elche,33,2514,162,1612.7,10.0,85,752.5,8.9,0,0,1,0
André Silva,Elche,28,1853,129,1407.0,10.9,64,627.6,9.8,8,0,4,0
Rafa Mir,Elche,25,1809,111,1212.9,10.9,49,394.4,8.0,12,3,10,0
Grady Diangana,Elche,20,929,101,1011.8,10.0,48,431.3,9.0,4,0,3,0
Tete Morente,Elche,13,933,90,1039.9,11.6,47,417.0,8.9,0,0,2,0
Adrià Pedrosa,Elche,23,1084,85,944.3,11.1,37,329.2,8.9,2,0,4,1
Adrián de la Fuente,Levante,31,2710,297,2781.2,9.4,157,1593.6,10.2,5,1,14,0
Matías Moreno,Levante,26,2256,291,4016.2,13.8,202,2992.2,14.8,1,0,3,0
Manu Sánchez,Levante,33,2818,286,3202.8,11.2,172,1837.3,10.7,1,0,3,1
Carlos Álvarez,Levante,29,1897,247,2746.3,11.1,124,1102.4,8.9,6,1,7,0
Iván Romero,Levante,31,2278,233,2472.2,10.6,105,1055.5,10.1,13,3,13,0
Jeremy Toljan,Levante,37,3173,226,2380.2,10.5,129,1351.1,10.5,1,0,5,1
Kervin Arriaga,Levante,27,1526,190,1907.8,10.0,70,611.6,8.7,2,0,4,2
Jon Olasagasti,Levante,31,1729,165,1687.8,10.2,102,1043.6,10.2,5,0,9,0
Pablo Martínez,Levante,26,1865,156,1718.9,11.0,86,881.9,10.3,2,0,2,0
Víctor García,Levante,20,1040,130,1500.7,11.5,67,750.3,11.2,4,0,7,1
Oriol Rey,Levante,18,1319,113,1040.0,9.2,51,392.4,7.7,2,0,1,0
Karl Etta Eyong,Levante,27,1668,108,1113.9,10.3,54,577.6,10.7,7,1,3,2
Alan Matturro,Levante,15,941,106,1256.7,11.9,64,834.1,13.0,0,0,0,0
Kareem Tunde,Levante,18,1144,98,986.7,10.1,42,348.3,8.3,1,0,1,0
Roger Brugué,Levante,18,1007,89,836.8,9.4,50,371.7,7.4,3,0,3,0
Unai Elgezabal,Levante,12,958,66,553.6,8.4,33,301.9,9.1,0,0,0,0
Carlos Espí,Levante,22,1338,57,536.5,9.4,26,226.5,8.7,3,1,0,0
Víctor Muñoz,Osasuna,34,2668,464,6800.5,14.7,318,4859.7,15.3,2,9,11,3
Aimar Oroz,Osasuna,31,2152,356,4309.8,12.1,198,2009.5,10.1,7,0,12,1
Alejandro Catena,Osasuna,35,3073,341,3176.1,9.3,174,1857.8,10.7,0,0,3,0
Javi Galán,Osasuna,24,1807,324,3623.3,11.2,197,2118.4,10.8,1,0,9,1
Valentin Rosier,Osasuna,29,2554,306,3681.6,12.0,186,2166.6,11.6,6,0,5,0
Enzo Boyomo,Osasuna,30,2545,300,3000.2,10.0,160,1529.7,9.6,0,0,1,0
Moi Gómez,Osasuna,26,1196,282,2928.3,10.4,117,909.6,7.8,1,0,3,0
Jon Moncayola,Osasuna,36,3028,259,2736.9,10.6,141,1241.1,8.8,2,0,1,0
Rubén García,Osasuna,33,2247,224,2374.7,10.6,85,728.6,8.6,7,1,3,0
Abel Bretones,Osasuna,26,1619,164,1956.3,11.9,94,1189.0,12.6,4,0,2,0
Lucas Torró,Osasuna,27,2307,156,1451.8,9.3,84,613.4,7.4,5,5,2,0
Jorge Herrando,Osasuna,21,1598,140,1175.6,8.4,50,411.4,8.2,0,0,1,0
Iker Muñoz,Osasuna,18,949,94,930.9,9.9,49,456.8,9.3,1,0,2,0
Ante Budimir,Osasuna,30,2953,86,895.5,10.4,47,524.7,11.2,1,0,1,2
Raúl García,Osasuna,26,1013,77,932.8,12.1,48,508.0,10.6,9,1,3,0
Martin Valjent,Mallorca,37,3309,511,15490.3,10.7,275,2759.3,10.0,2,0,0,0
Sergi Darder,Mallorca,38,2689,356,3793.1,10.7,193,1952.5,10.1,1,0,0,14
Johan Mojica,Mallorca,33,2725,318,3527.7,11.1,171,1704.3,10.0,5,0,9,1
Antonio Raíllo,Mallorca,24,2070,287,3019.4,10.5,155,1550.7,10.0,0,0,0,0
Jan Virgili,Mallorca,31,1797,259,3530.6,13.6,158,2029.0,12.8,18,1,18,1
Pablo Maffeo,Mallorca,31,2672,247,2500.8,10.1,144,1068.1,7.4,1,1,4,1
Samú Costa,Mallorca,33,2705,221,2231.1,10.1,92,797.7,8.7,5,1,15,1
Manu Morlanes,Mallorca,29,1773,215,2161.2,10.1,121,1041.1,8.6,3,1,12,0
Omar Mascarell,Mallorca,30,2245,213,2023.5,9.5,66,373.1,5.7,0,0,4,2
Pablo Torre,Mallorca,34,1603,212,2340.6,11.0,107,919.2,8.6,7,1,15,0
Vedat Muriqi,Mallorca,36,3134,156,1555.5,10.0,59,240.0,4.1,15,3,4,0
Mateo Joseph,Mallorca,28,1703,132,1526.8,11.6,73,791.5,10.8,11,1,3,1
Antonio Sánchez,Mallorca,27,1060,123,1403.9,11.4,61,685.5,11.2,3,0,3,0
Daley Blind,Girona,31,2610,584,6268.5,10.7,319,3149.6,9.9,1,0,6,0
Vitor Reis,Girona,36,3138,499,5475.3,11.0,293,3207.5,10.9,2,0,1,1
Iván Martín,Girona,35,2538,430,4701.0,10.9,176,1671.5,9.5,0,0,8,1
Azzedine Ounahi,Girona,24,1766,418,4660.9,11.2,222,2249.6,10.1,19,1,12,0
Álex Moreno,Girona,30,2558,412,5347.7,13.0,265,3444.7,13.0,1,0,8,1
Viktor Tsygankov,Girona,32,2641,382,4441.4,11.6,181,1728.4,9.5,9,1,12,2
Axel Witsel,Girona,32,2533,332,3378.0,10.2,144,1438.6,10.0,0,0,3,0
Arnau Martínez,Girona,35,2678,331,3635.7,11.0,190,1984.1,10.4,5,0,4,0
Bryan Gil,Girona,29,1586,316,4012.7,12.7,173,1869.8,10.8,10,0,10,1
Joel Roca,Girona,32,1469,282,3706.2,13.1,172,2139.2,12.4,18,1,15,0
Fran Beltrán,Girona,26,1544,253,2582.4,10.2,132,1323.9,10.0,1,0,2,0
Thomas Lemar,Girona,27,1259,248,2595.3,10.5,101,1724.8,7.2,5,1,7,0
Hugo Rincón,Girona,32,1741,222,2483.1,11.2,117,1016.0,8.7,0,0,3,0
Alejandro Francés,Girona,21,1103,209,2554.1,12.2,137,1688.5,12.3,2,0,5,1
Vladyslav Vanat,Girona,22,1960,68,663.3,9.8,36,262.0,7.3,5,0,2,0
Haissem Hassan,Real Oviedo,37,1943,460,7458.8,16.2,276,4161.0,15.1,2,0,0,11
Ilyas Chaira,Real Oviedo,36,2458,353,4147.1,11.7,189,2044.6,10.8,3,2,15,0
Alberto Reina,Real Oviedo,36,2480,250,2812.4,11.2,114,1321.0,11.6,0,0,2,0
David Costas,Real Oviedo,24,2064,233,2250.6,9.7,111,1005.6,9.1,0,0,1,0
David Carmo,Real Oviedo,20,1787,204,1895.2,9.3,100,955.0,9.6,1,0,1,0
Santiago Colombatto,Real Oviedo,29,2069,190,1723.9,9.1,105,881.2,8.4,1,0,2,0
Nacho Vidal,Real Oviedo,29,2272,180,1908.8,10.6,94,803.7,8.6,2,0,2,0
Javi López,Real Oviedo,25,1712,173,1812.0,10.5,106,1079.2,10.2,2,0,5,0
Rahim Alhassane,Real Oviedo,24,1710,171,2079.0,12.2,94,1107.8,11.8,0,0,3,0
Federico Viñas,Real Oviedo,29,2451,163,1749.0,10.7,79,683.4,8.7,6,0,6,0
Eric Bailly,Real Oviedo,15,1236,154,1720.7,11.2,79,844.0,10.7,0,0,0,0
Dani Calvo,Real Oviedo,19,1609,143,1288.9,9.0,54,356.2,6.6,0,0,0,0
Lucas Ahijado,Real Oviedo,19,1091,141,1720.7,12.2,74,751.4,10.2,0,0,4,1
Santi Cazorla,Real Oviedo,28,925,138,1315.9,9.5,63,434.2,6.9,1,0,2,0
Leander Dendoncker,Real Oviedo,15,1332,114,1284.4,11.3,56,688.9,12.3,1,0,3,0
Nicolás Fonseca,Real Oviedo,16,1019,84,733.2,8.7,30,240.4,8.0,1,0,0,0
Kwasi Sibo,Real Oviedo,23,1686,73,637.9,8.7,23,151.1,6.6,0,0,1,0
Salomón Rondón,Real Oviedo,14,1037,43,387.5,9.0,21,163.7,7.8,4,1,1,0
