name,club,apps,mins,goals,xg,goals_vs_xg,shots,sot,conv_pct,xg_per_shot
Robert Lewandowski,Barcelona,31,1656,14,14.13,-0.13,63,29,22.22,0.22
Ferran Torres,Barcelona,33,1976,16,13.09,2.91,69,37,23.19,0.19
Lamine Yamal,Barcelona,28,2268,16,12.77,3.23,117,37,13.68,0.11
Raphinha,Barcelona,22,1388,13,10.57,2.43,65,24,20.0,0.16
Dani Olmo,Barcelona,33,2077,7,7.66,-0.66,70,21,10.0,0.11
Marcus Rashford,Barcelona,32,1761,8,7.35,0.65,76,29,10.53,0.1
Fermín López,Barcelona,30,1797,6,6.98,-0.98,68,25,8.82,0.1
Eric García,Barcelona,34,2730,1,2.96,-1.96,25,7,4.0,0.12
Jules Koundé,Barcelona,30,2261,1,1.65,-0.65,14,4,7.14,0.12
Pedri,Barcelona,29,2107,2,1.57,0.43,21,10,9.52,0.07
Ronald Araujo,Barcelona,24,1061,3,1.43,1.57,12,5,25.0,0.12
Frenkie de Jong,Barcelona,25,1631,1,1.17,-0.17,7,2,14.29,0.17
Marc Casadó,Barcelona,24,981,0,0.95,-0.95,1,0,0.0,0.09
Alejandro Balde,Barcelona,28,1874,0,0.65,-0.65,10,1,10.0,0.07
Pau Cubarsí,Barcelona,31,2708,1,0.54,0.46,10,2,10.0,0.05
João Cancelo,Barcelona,16,952,2,0.52,1.48,13,4,15.38,0.04
Gerard Martín,Barcelona,32,2124,0,0.2,-0.2,7,4,0.0,0.03
Vinícius Júnior,Real Madrid,36,2825,16,13.65,2.35,101,46,15.84,0.14
Aurélien Tchouaméni,Real Madrid,33,2622,1,2.66,-1.66,45,7,2.22,0.06
Federico Valverde,Real Madrid,33,2746,5,2.89,2.11,51,22,9.8,0.06
Arda Güler,Real Madrid,33,2026,4,4.57,-0.5700000000000001,49,19,8.16,0.09
Kylian Mbappé,Real Madrid,31,2604,25,23.95,1.05,146,63,17.12,0.16
Brahim Díaz,Real Madrid,30,1252,1,1.84,-0.84,15,7,6.67,0.12
Gonzalo García,Real Madrid,30,952,6,5.37,0.63,21,11,28.57,0.26
Eduardo Camavinga,Real Madrid,29,1526,1,1.18,-0.18,13,2,7.69,0.09
Álvaro Carreras,Real Madrid,28,2334,2,0.46,1.54,9,3,22.22,0.05
Dean Huijsen,Real Madrid,28,2037,2,2.26,-0.26,20,5,10.0,0.11
Jude Bellingham,Real Madrid,28,1917,6,7.26,-1.26,51,26,11.76,0.14
Raúl Asencio,Real Madrid,23,1706,2,1.24,0.76,14,4,14.29,0.09
Franco Mastantuono,Real Madrid,23,1037,1,3.09,-2.09,30,7,3.33,0.1
Trent Alexander-Arnold,Real Madrid,21,1163,0,0.32,-0.32,10,2,0.0,0.03
Antonio Rüdiger,Real Madrid,18,1492,1,0.92,0.08,13,1,7.69,0.07
Dani Carvajal,Real Madrid,17,976,0,0.36,-0.36,5,1,0.0,0.07
Éder Militão,Real Madrid,16,1141,2,1.78,0.22,21,9,9.52,0.08
Fran García,Real Madrid,13,929,1,0.9,0.1,6,2,16.67,0.15
Georges Mikautadze,Villarreal,32,2117,13,11.43,1.57,65,32,20.0,0.18
Nicolas Pépé,Villarreal,36,2396,8,8.27,-0.27,63,25,12.7,0.13
Gerard Moreno,Villarreal,22,1350,10,6.3,3.7,39,16,25.64,0.16
Alberto Moleiro,Villarreal,37,2490,10,5.77,4.23,46,20,21.74,0.13
Ayoze Pérez,Villarreal,25,1122,5,5.38,-0.38,24,11,20.83,0.22
Santi Comesaña,Villarreal,34,2413,3,4.17,-1.17,27,7,11.11,0.15
Pape Gueye,Villarreal,30,2143,5,3.93,1.07,47,13,10.64,0.08
Tajon Buchanan,Villarreal,34,1821,7,2.06,4.94,27,11,25.93,0.08
Alfonso Pedraza,Villarreal,27,1690,1,1.13,-0.13,11,3,9.09,0.1
Santiago Mouriño,Villarreal,28,2384,1,1.08,-0.08,15,3,6.67,0.07
Sergi Cardona,Villarreal,31,1965,1,1.01,-0.01,18,5,5.56,0.06
Dani Parejo,Villarreal,32,1390,1,0.96,0.04,31,3,3.33,0.32
Thomas Partey,Villarreal,25,923,0,0.7000000000000001,-0.7000000000000001,11,2,0.0,0.06
Rafa Marín,Villarreal,23,1980,1,0.37,0.63,5,1,20.0,0.07
Renato Veiga,Villarreal,32,2478,0,0.28,-0.28,9,3,0.0,0.03
Juan Foyth,Villarreal,13,936,0,0.12,-0.12,2,0,0.0,0.06
Pau Navarro,Villarreal,23,1924,0,0.07,-0.07,2,2,0.0,0.04
Alexander Sørloth,Atlético Madrid,35,1981,13,10.16,2.84,68,35,19.12,0.15
Julián Alvarez,Atlético Madrid,29,1902,8,7.7,0.3,54,26,14.81,0.14
Antoine Griezmann,Atlético Madrid,34,1468,7,7.61,-0.61,47,25,14.89,0.16
Giuliano Simeone,Atlético Madrid,31,2109,4,5.17,-1.17,36,14,11.11,0.14
Nico González,Atlético Madrid,24,1453,5,4.21,0.79,43,20,11.63,0.1
Thiago Almada,Atlético Madrid,27,1312,3,3.72,-0.72,21,10,14.29,0.18
Álex Baena,Atlético Madrid,27,1572,2,2.0,0.0,29,7,6.9,0.07
Marcos Llorente,Atlético Madrid,29,2184,0,1.98,-1.98,18,6,0.0,0.11
Pablo Barrios,Atlético Madrid,23,1666,1,1.79,-0.79,23,6,4.35,0.08
José María Giménez,Atlético Madrid,16,1177,0,1.74,-1.74,13,3,0.0,0.13
Rodrigo Mendoza,Atlético Madrid,24,1231,1,1.62,-0.62,17,4,5.88,0.1
Dávid Hancko,Atlético Madrid,30,2434,0,1.33,-1.33,21,5,0.0,0.06
Marc Pubill,Atlético Madrid,19,1382,1,0.92,0.08,11,4,9.09,0.08
Koke,Atlético Madrid,34,2220,2,0.72,1.28,14,4,14.29,0.05
Robin Le Normand,Atlético Madrid,28,1783,1,0.62,0.38,6,1,16.67,0.1
Nahuel Molina,Atlético Madrid,26,1321,2,0.48,1.52,14,4,14.29,0.03
Clément Lenglet,Atlético Madrid,19,1393,0,0.42,-0.42,5,0,0.0,0.08
Matteo Ruggeri,Atlético Madrid,26,1775,0,0.14,-0.14,5,2,0.0,0.03
Cucho Hernández,Real Betis,32,2592,11,11.08,-0.08,89,27,12.36,0.12
Abde Ezzalzouli,Real Betis,29,2255,10,9.2,0.8,73,26,13.7,0.13
Pablo Fornals,Real Betis,37,2865,9,3.92,5.08,44,19,20.45,0.09
Antony,Real Betis,32,2459,8,8.81,-0.81,90,34,8.89,0.1
Aitor Ruibal,Real Betis,27,1814,4,3.85,0.15,31,12,12.9,0.12
Héctor Bellerín,Real Betis,27,1820,2,0.43,1.57,7,5,28.57,0.06
Giovani Lo Celso,Real Betis,24,1396,2,2.47,-0.47,30,11,16.67,0.08
Sergi Altimira,Real Betis,24,1182,1,0.34,0.66,7,3,14.29,0.05
Marc Bartra,Real Betis,25,1978,1,0.78,0.22,16,5,6.25,0.05
Valentín Gómez,Real Betis,28,1875,1,0.8,0.2,11,5,9.09,0.07
Diego Llorente,Real Betis,18,1226,1,0.94,0.06,4,3,25.0,0.23
Marc Roca,Real Betis,29,2025,1,1.36,-0.36,17,7,5.88,0.08
Ricardo Rodríguez,Real Betis,23,1546,0,0.12,-0.12,3,0,0.0,0.04
Sofyan Amrabat,Real Betis,17,1296,0,0.28,-0.28,8,1,0.0,0.04
Natan,Real Betis,33,2810,0,0.5,-0.5,10,1,0.0,0.05
Borja Iglesias,Celta Vigo,35,1902,14,10.45,3.55,46,26,30.43,0.23
Ferran Jutglà,Celta Vigo,30,1663,9,6.73,2.27,45,26,20.0,0.15
Williot Swedberg,Celta Vigo,29,1268,5,4.25,0.75,23,12,21.74,0.18
Iago Aspas,Celta Vigo,32,1130,5,4.48,0.52,28,12,17.86,0.16
Hugo Álvarez,Celta Vigo,28,1337,4,2.74,1.26,14,8,28.57,0.2
Javi Rueda,Celta Vigo,26,1404,2,1.3,0.7000000000000001,11,3,18.18,0.12
Ilaix Moriba,Celta Vigo,36,2488,2,1.39,0.61,18,5,11.11,0.08
Sergio Carreira,Celta Vigo,34,2693,2,1.58,0.42,16,7,12.5,0.1
Pablo Durán,Celta Vigo,30,1424,2,4.26,-2.26,37,15,5.41,0.12
Óscar Mingueza,Celta Vigo,34,1967,1,0.63,0.37,14,5,7.14,0.04
Miguel Román,Celta Vigo,19,1310,1,0.91,0.09,8,1,12.5,0.11
Fer López,Celta Vigo,17,1174,1,1.57,-0.5700000000000001,13,5,7.69,0.12
Bryan Zaragoza,Celta Vigo,19,1135,1,2.01,-1.01,26,12,3.85,0.08
Marcos Alonso,Celta Vigo,32,2770,1,2.2,-1.2,24,3,4.17,0.09
Yoel Lago,Celta Vigo,12,940,0,0.03,-0.03,1,0,0.0,0.03
Hugo Sotelo,Celta Vigo,20,1342,0,0.09,-0.09,2,1,0.0,0.05
Álvaro Núñez,Celta Vigo,25,1984,0,0.29,-0.29,6,1,0.0,0.05
Carl Starfelt,Celta Vigo,19,1492,0,0.55,-0.55,4,1,0.0,0.14
Javi Rodríguez,Celta Vigo,33,2561,0,0.68,-0.68,13,2,0.0,0.05
Martín Satriano,Getafe,18,1604,6,4.34,1.66,35,14,17.14,0.12
Mauro Arambarri,Getafe,37,3255,6,7.16,-1.16,59,19,10.17,0.12
Borja Mayoral,Getafe,16,1059,4,3.05,0.95,15,7,26.67,0.2
Luis Vázquez,Getafe,17,1204,3,2.0,1.0,25,9,12.0,0.08
Adrián Liso,Getafe,28,1709,3,2.08,0.92,26,10,11.54,0.08
Mario Martín,Getafe,35,2134,2,2.63,-0.63,27,6,7.41,0.1
Kiko Femenía,Getafe,28,2020,1,0.6900000000000001,0.31,8,3,12.5,0.09
Domingos Duarte,Getafe,34,2928,1,0.86,0.14,13,4,7.69,0.07
Zaid Romero,Getafe,15,1350,1,0.9,0.1,10,2,10.0,0.09
Juan Iglesias,Getafe,37,3189,1,1.06,-0.06,26,5,3.85,0.04
Luis Milla,Getafe,37,3273,1,1.22,-0.22,27,4,3.7,0.05
Djené Dakonam,Getafe,34,2585,0,0.13,-0.13,4,0,0.0,0.03
Abdel Abqar,Getafe,23,1440,0,0.3,-0.3,7,1,0.0,0.04
Diego Rico,Getafe,28,1753,0,0.33,-0.33,11,1,0.0,0.03
Jorge de Frutos,Rayo Vallecano,36,2483,10,10.63,-0.63,63,28,15.87,0.17
Alemão,Rayo Vallecano,26,1132,4,3.62,0.38,26,12,15.38,0.14
Álvaro García,Rayo Vallecano,32,2105,4,6.5,-2.5,47,19,8.51,0.14
Isi Palazón,Rayo Vallecano,31,2262,3,5.3,-2.3,53,16,5.66,0.1
Nobel Mendy,Rayo Vallecano,24,1804,2,1.58,0.42,11,3,18.18,0.14
Fran Pérez,Rayo Vallecano,29,1234,2,2.24,-0.24,17,8,11.76,0.13
Pacha Espino,Rayo Vallecano,30,1480,2,1.64,0.36,20,9,10.0,0.08
Pathé Ciss,Rayo Vallecano,29,1995,2,3.31,-1.31,20,8,10.0,0.17
Florian Lejeune,Rayo Vallecano,36,3231,2,2.29,-0.29,50,18,4.0,0.05
Óscar Valentín,Rayo Vallecano,33,2113,1,1.01,-0.01,13,4,7.69,0.08
Pep Chavarría,Rayo Vallecano,33,2681,1,0.61,0.39,18,3,5.56,0.03
Gerard Gumbau,Rayo Vallecano,28,1171,0,0.85,-0.85,20,5,0.0,0.04
Unai López,Rayo Vallecano,28,1618,0,0.89,-0.89,22,4,0.0,0.04
Pedro Díaz,Rayo Vallecano,34,1869,0,1.73,-1.73,44,6,0.0,0.04
Andrei Ratiu,Rayo Vallecano,35,2804,0,2.25,-2.25,31,9,0.0,0.07
Hugo Duro,Valencia,36,1981,10,8.84,1.16,36,14,27.78,0.25
Largie Ramazani,Valencia,27,1224,6,6.94,-0.94,51,19,11.76,0.14
Guido Rodríguez,Valencia,16,1308,4,1.0,3.0,15,5,26.67,0.07
Diego López,Valencia,34,1762,4,2.72,1.28,28,8,14.29,0.1
Javi Guerra,Valencia,36,2069,4,3.35,0.65,31,12,12.9,0.11
Umar Sadiq,Valencia,25,1054,4,3.48,0.52,29,10,13.79,0.12
Luis Rioja,Valencia,37,2636,3,2.29,0.71,43,5,5.69,0.05
Arnaut Danjuma,Valencia,30,1627,3,4.66,-1.66,36,14,8.33,0.13
Eray Cömert,Valencia,17,1339,2,1.19,0.81,11,3,18.18,0.11
Pepelu,Valencia,31,2232,2,3.57,-1.57,24,3,8.33,0.15
José Gayà,Valencia,32,2461,1,0.81,0.19,13,3,7.69,0.06
Lucas Beltrán,Valencia,27,1366,1,4.05,-3.05,34,9,2.94,0.12
Jesús Vázquez,Valencia,24,962,0,0.3,-0.3,8,2,0.0,0.04
Thierry Correia,Valencia,24,1394,0,0.35,-0.35,5,1,0.0,0.07
Unai Núñez,Valencia,13,912,0,0.42,-0.42,9,1,0.0,0.05
Dimitri Foulquier,Valencia,15,1148,0,0.5700000000000001,-0.5700000000000001,6,1,0.0,0.1
André Almeida,Valencia,22,1016,0,0.59,-0.59,9,3,0.0,0.07
César Tárrega,Valencia,32,2597,0,0.61,-0.61,11,1,0.0,0.06
Filip Ugrinic,Valencia,27,1507,0,0.96,-0.96,20,3,0.0,0.05
Copete,Valencia,21,1760,0,1.54,-1.54,13,0,0.0,0.12
Mikel Oyarzabal,Real Sociedad,34,2714,15,15.24,-0.24,79,36,18.99,0.19
Gonçalo Guedes,Real Sociedad,32,1832,8,3.86,4.14,46,18,17.39,0.08
Brais Méndez,Real Sociedad,29,1672,6,5.8,0.2,36,16,16.67,0.16
Carlos Soler,Real Sociedad,33,2325,4,2.72,1.28,35,19,11.43,0.08
Luka Sucic,Real Sociedad,22,1018,3,1.98,1.02,23,7,13.04,0.09
Ander Barrenetxea,Real Sociedad,30,1769,3,2.62,0.38,34,11,8.82,0.08
Jon Martín,Real Sociedad,25,2250,2,1.99,0.01,15,5,13.33,0.13
Takefusa Kubo,Real Sociedad,24,1508,2,2.39,-0.39,28,12,7.14,0.09
Jon Gorrotxategi,Real Sociedad,30,2215,1,0.79,0.21,13,1,17.69,0.06
Duje Caleta-Car,Real Sociedad,27,2150,1,1.16,-0.16,13,3,7.69,0.09
Jon Aramburu,Real Sociedad,35,2778,1,1.91,-0.91,21,5,4.76,0.09
Igor Zubeldia,Real Sociedad,25,2082,0,0.26,-0.26,6,1,0.0,0.04
Beñat Turrientes,Real Sociedad,27,1347,0,0.79,-0.79,20,6,0.0,0.04
Sergio Gómez,Real Sociedad,35,2705,0,1.09,-1.09,12,0,0.0,0.09
Pablo Marín,Real Sociedad,34,1494,0,1.25,-1.25,13,4,0.0,0.1
Kike García,Espanyol,37,1727,8,8.8,-0.8,60,27,13.33,0.15
Pere Milla,Espanyol,33,1986,7,7.06,-0.06,59,21,11.86,0.12
Roberto Fernández,Espanyol,38,2387,7,9.31,-2.31,59,23,11.86,0.16
Carlos Romero,Espanyol,36,3195,6,2.8,3.2,42,12,14.29,0.07
Leandro Cabrera,Espanyol,37,3330,3,2.78,0.22,40,12,7.5,0.07
Pol Lozano,Espanyol,33,2171,2,0.78,1.22,17,5,11.76,0.05
Tyrhys Dolan,Espanyol,36,2431,2,2.54,-0.54,34,12,5.88,0.07
Ramon Terrats,Espanyol,29,1023,1,1.5,-0.5,15,3,6.67,0.1
Jofre Carreras,Espanyol,26,921,1,2.34,-1.34,23,7,4.35,0.1
Edu Expósito,Espanyol,36,2542,1,2.35,-1.35,44,13,2.27,0.05
Omar El Hilali,Espanyol,36,2828,0,0.01,-0.01,10,0,0.0,0.01
Clemens Riedel,Espanyol,20,1397,0,0.13,-0.13,3,1,0.0,0.04
Urko González de Zárate,Espanyol,36,2629,0,0.73,-0.73,18,1,0.0,0.04
Fernando Calero,Espanyol,28,2150,0,1.76,-1.76,12,0,0.0,0.15
Gorka Guruzeta,Athletic Bilbao,35,2371,10,10.46,-0.46,84,32,11.9,0.12
Oihan Sancet,Athletic Bilbao,28,1803,4,6.47,-2.47,48,15,8.33,0.13
Iñaki Williams,Athletic Bilbao,30,2168,3,6.39,-3.39,57,20,5.26,0.11
Nico Williams,Athletic Bilbao,25,1687,6,5.37,0.63,46,16,13.04,0.12
Alex Berenguer,Athletic Bilbao,31,2164,2,4.47,-2.47,44,20,4.55,0.1
Robert Navarro,Athletic Bilbao,32,1294,6,3.94,2.06,21,10,28.57,0.19
Unai Gómez,Athletic Bilbao,26,932,1,2.14,-1.14,23,7,4.35,0.09
Mikel Jauregizar,Athletic Bilbao,36,2843,2,1.79,0.21,39,11,5.13,0.05
Aymeric Laporte,Athletic Bilbao,25,2060,0,1.62,-1.62,15,5,0.0,0.11
Dani Vivian,Athletic Bilbao,31,2563,1,1.23,-0.23,17,6,5.88,0.07
Aitor Paredes,Athletic Bilbao,19,1629,2,1.11,0.89,13,4,15.38,0.09
Íñigo Ruíz de Galarreta,Athletic Bilbao,34,2231,1,0.71,0.29,20,2,5.0,0.04
Yuri Berchiche,Athletic Bilbao,32,2709,0,0.56,-0.56,24,5,0.0,0.02
Alejandro Rego,Athletic Bilbao,29,1265,1,0.52,0.48,12,3,8.33,0.04
Andoni Gorosabel,Athletic Bilbao,24,1358,0,0.25,-0.25,5,1,0.0,0.05
Jesús Areso,Athletic Bilbao,26,1504,0,0.12,-0.12,3,0,0.0,0.04
Akor Adams,Sevilla,32,2059,10,10.0,0.0,61,30,16.39,0.16
Isaac Romero,Sevilla,29,1490,4,5.26,-1.26,41,14,9.76,0.13
Alexis Sánchez,Sevilla,28,1298,4,3.81,0.19,25,9,16.0,0.15
Rubén Vargas,Sevilla,24,1608,3,3.17,-0.17,41,8,7.32,0.08
Djibril Sow,Sevilla,33,2195,5,1.8,3.2,19,8,26.32,0.09
Chidera Ejuke,Sevilla,27,923,1,1.59,-0.59,23,3,4.35,0.07
Kike Salas,Sevilla,26,2203,2,1.55,0.45,19,8,10.53,0.08
Nemanja Gudelj,Sevilla,34,2348,2,1.33,0.67,31,9,6.45,0.04
Oso,Sevilla,21,1409,2,1.3,0.7000000000000001,17,8,11.76,0.08
Batista Mendy,Sevilla,27,1619,1,1.14,-0.14,17,5,5.88,0.07
Peque Fernández,Sevilla,26,978,2,1.0,1.0,15,6,13.33,0.07
Lucien Agoumé,Sevilla,34,2693,1,0.89,0.11,15,2,6.67,0.06
Juanlu Sánchez,Sevilla,32,1993,0,0.81,-0.81,14,1,0.0,0.06
José Ángel Carmona,Sevilla,35,2564,1,0.77,0.23,20,3,5.0,0.04
Marcão,Sevilla,13,937,0,0.71,-0.71,10,2,0.0,0.07
Gabriel Suazo,Sevilla,29,2096,0,0.47,-0.47,5,2,0.0,0.09
Andrés Castrín,Sevilla,19,1275,1,0.43,0.5700000000000001,10,3,10.0,0.04
César Azpilicueta,Sevilla,17,1218,0,0.01,-0.01,10,0,0.0,0.01
Toni Martínez,Alaves,37,2725,14,11.23,2.77,93,36,15.05,0.12
Lucas Boyé,Alaves,29,1959,11,9.59,1.41,63,21,17.46,0.15
Pablo Ibáñez,Alaves,37,2247,1,4.39,-3.39,47,13,2.13,0.09
Carlos Vicente,Alaves,21,1256,5,3.59,1.41,12,6,41.67,0.3
Carles Aleñá,Alaves,34,1995,0,2.71,-2.71,30,5,0.0,0.09
Abde Rebbach,Alaves,30,1492,1,2.33,-1.33,34,12,2.94,0.07
Jon Guridi,Alaves,28,1240,0,1.76,-1.76,15,4,0.0,0.12
Nahuel Tenaglia,Alaves,36,3239,2,1.59,0.41,24,8,8.33,0.07
Antonio Blanco,Alaves,36,3116,2,1.37,0.63,40,13,5.0,0.03
Victor Parada,Alaves,30,2151,0,1.0,-1.0,12,2,0.0,0.08
Ángel Pérez,Alaves,16,1290,1,0.98,0.02,14,4,7.14,0.07
Denis Suárez,Alaves,30,1406,1,0.98,0.02,9,4,11.11,0.11
Youssef Enríquez,Alaves,25,1332,0,0.79,-0.79,11,3,0.0,0.07
Jonny,Alaves,34,2998,0,0.55,-0.55,9,3,0.0,0.06
Jon Pacheco,Alaves,22,1734,0,0.3,-0.3,4,1,0.0,0.07
André Silva,Elche,31,1853,10,10.55,-0.55,57,29,17.54,0.19
Álvaro Rodríguez,Elche,34,2200,7,8.85,-1.85,76,24,9.21,0.12
Rafa Mir,Elche,27,1809,8,8.08,-0.08,69,36,11.59,0.12
Germán Valera,Elche,36,2869,4,2.65,1.35,28,8,14.29,0.09
Aleix Febas,Elche,36,3166,2,2.21,-0.21,23,8,8.7,0.1
Grady Diangana,Elche,20,929,1,1.18,-0.18,16,2,6.25,0.07
David Affengruber,Elche,36,2953,1,0.86,0.14,14,4,7.14,0.06
Martim Neto,Elche,25,1352,2,0.84,1.16,12,4,16.67,0.07
Pedro Bigas,Elche,28,2068,1,0.67,0.33,10,3,10.0,0.07
Léo Pétrot,Elche,32,1568,0,0.64,-0.64,8,0,0.0,0.08
Adrià Pedrosa,Elche,27,1084,1,0.56,0.44,12,3,8.33,0.05
Tete Morente,Elche,13,933,1,0.52,0.48,8,1,12.5,0.07
Victor Chust,Elche,31,2165,1,0.48,0.52,9,3,11.11,0.05
Marc Aguado,Elche,35,2514,1,0.21,0.79,3,2,33.33,0.07
Karl Etta Eyong,Levante,33,1668,7,8.73,-1.73,50,24,14.0,0.17
Iván Romero,Levante,32,2278,7,8.67,-1.67,59,18,11.86,0.15
Carlos Espí,Levante,25,1338,11,7.83,3.17,57,24,19.3,0.14
Adrián de la Fuente,Levante,33,2710,3,4.22,-1.22,39,9,7.69,0.11
Roger Brugué,Levante,19,1007,1,3.32,-2.32,28,9,3.57,0.12
Carlos Álvarez,Levante,30,1897,3,2.72,0.28,30,11,10.0,0.09
Jon Olasagasti,Levante,33,1729,1,2.41,-1.41,28,9,3.57,0.09
Víctor García,Levante,21,1040,2,1.96,0.04,19,8,10.53,0.1
Pablo Martínez,Levante,27,1865,1,1.91,-0.91,28,4,3.57,0.07
Kareem Tunde,Levante,21,1144,0,1.15,-1.15,21,3,0.0,0.05
Kervin Arriaga,Levante,27,1526,3,0.99,2.01,16,6,18.75,0.06
Jeremy Toljan,Levante,37,3173,1,0.97,0.03,9,1,11.11,0.11
Matías Moreno,Levante,28,2256,0,0.96,-0.96,10,0,0.0,0.1
Manu Sánchez,Levante,33,2818,1,0.77,0.23,13,4,7.69,0.06
Unai Elgezabal,Levante,12,958,1,0.67,0.33,3,1,33.33,0.22
Alan Matturro,Levante,19,941,1,0.62,0.38,8,1,12.5,0.08
Oriol Rey,Levante,20,1319,0,0.47,-0.47,8,1,0.0,0.06
Ante Budimir,Osasuna,37,2953,17,17.13,-0.13,103,41,16.5,0.17
Raúl García,Osasuna,36,1013,7,6.45,0.55,39,23,17.95,0.17
Víctor Muñoz,Osasuna,34,2668,6,5.86,0.14,81,31,7.41,0.07
Alejandro Catena,Osasuna,35,3073,3,2.67,0.33,19,4,15.79,0.14
Rubén García,Osasuna,35,2247,2,2.43,-0.43,31,10,6.45,0.08
Jon Moncayola,Osasuna,36,3028,0,2.0,-2.0,23,5,0.0,0.09
Aimar Oroz,Osasuna,31,2152,0,1.68,-1.68,29,4,0.0,0.06
Lucas Torró,Osasuna,34,2307,0,1.6,-1.6,29,8,0.0,0.06
Enzo Boyomo,Osasuna,30,2545,1,1.03,-0.03,11,4,9.09,0.09
Valentin Rosier,Osasuna,31,2554,1,0.67,0.33,19,3,5.26,0.04
Abel Bretones,Osasuna,28,1619,1,0.63,0.37,11,3,9.09,0.06
Moi Gómez,Osasuna,26,1196,0,0.39,-0.39,11,2,0.0,0.04
Iker Muñoz,Osasuna,19,949,0,0.35,-0.35,9,4,0.0,0.04
Jorge Herrando,Osasuna,28,1598,0,0.29,-0.29,3,0,0.0,0.1
Javi Galán,Osasuna,25,1807,0,0.21,-0.21,6,1,0.0,0.04
Vedat Muriqi,Mallorca,37,3134,23,18.52,4.48,116,50,19.83,0.16
Mateo Joseph,Mallorca,29,1703,2,5.09,-3.09,33,14,6.06,0.15
Samú Costa,Mallorca,34,2705,7,3.98,3.02,39,16,17.95,0.1
Jan Virgili,Mallorca,31,1797,2,2.33,-0.33,32,16,6.25,0.07
Sergi Darder,Mallorca,38,2689,1,2.04,-1.04,36,13,2.78,0.06
Manu Morlanes,Mallorca,32,1773,3,2.0,1.0,13,4,23.08,0.15
Pablo Torre,Mallorca,35,1603,4,1.73,2.27,25,12,16.0,0.07
Martin Valjent,Mallorca,37,3309,0,0.8200000000000001,-0.8200000000000001,17,8,0.0,0.05
Johan Mojica,Mallorca,35,2725,0,0.54,-0.54,17,2,0.0,0.03
Antonio Raíllo,Mallorca,24,2070,0,0.54,-0.54,12,1,0.0,0.05
Pablo Maffeo,Mallorca,31,2672,1,0.41,0.59,7,1,14.29,0.06
Antonio Sánchez,Mallorca,30,1060,0,0.4,-0.4,6,3,0.0,0.07
Omar Mascarell,Mallorca,30,2245,2,0.28,1.72,7,3,28.57,0.04
Vladyslav Vanat,Girona,27,1960,9,8.52,0.48,27,18,33.33,0.32
Viktor Tsygankov,Girona,32,2641,6,6.83,-0.8300000000000001,51,21,11.76,0.13
Joel Roca,Girona,32,1469,3,3.7,-0.7000000000000001,48,16,6.25,0.08
Azzedine Ounahi,Girona,24,1766,5,3.4,1.6,51,19,9.8,0.07
Bryan Gil,Girona,29,1586,0,2.9,-2.9,27,7,0.0,0.11
Axel Witsel,Girona,32,2533,1,2.39,-1.39,20,5,5.0,0.12
Thomas Lemar,Girona,27,1259,3,1.93,1.07,17,8,17.65,0.11
Arnau Martínez,Girona,35,2678,2,1.62,0.38,19,4,10.53,0.09
Vitor Reis,Girona,36,3138,1,1.58,-0.58,19,4,5.26,0.08
Álex Moreno,Girona,31,2558,0,1.49,-1.49,16,5,0.0,0.09
Iván Martín,Girona,35,2538,0,0.87,-0.87,13,5,0.0,0.07
Hugo Rincón,Girona,33,1741,1,0.86,0.14,7,2,14.29,0.12
Alejandro Francés,Girona,24,1103,0,0.8200000000000001,-0.8200000000000001,16,4,0.0,0.05
Fran Beltrán,Girona,27,1544,1,0.72,0.28,16,4,6.25,0.04
Daley Blind,Girona,31,2610,0,0.26,-0.26,5,1,0.0,0.05
Federico Viñas,Real Oviedo,33,2451,9,8.69,0.31,57,21,15.79,0.15
Ilyas Chaira,Real Oviedo,36,2458,6,6.84,-0.84,80,35,7.5,0.09
Alberto Reina,Real Oviedo,37,2480,4,3.54,0.46,24,11,16.67,0.15
Salomón Rondón,Real Oviedo,16,1037,2,3.03,-1.03,24,5,8.33,0.13
Nacho Vidal,Real Oviedo,29,2272,0,2.23,-2.23,16,3,0.0,0.14
Haissem Hassan,Real Oviedo,37,1943,0,1.59,-1.59,34,8,0.0,0.05
Lucas Ahijado,Real Oviedo,20,1091,0,0.94,-0.94,10,2,0.0,0.09
David Carmo,Real Oviedo,22,1787,1,0.91,0.09,10,3,10.0,0.09
David Costas,Real Oviedo,25,2064,1,0.89,0.11,4,1,25.0,0.22
Leander Dendoncker,Real Oviedo,19,1332,1,0.8,0.2,9,4,11.11,0.09
Santiago Colombatto,Real Oviedo,32,2069,0,0.63,-0.63,15,2,0.0,0.04
Javi López,Real Oviedo,25,1712,0,0.48,-0.48,7,1,0.0,0.07
Santi Cazorla,Real Oviedo,28,925,0,0.36,-0.36,7,1,0.0,0.05
Kwasi Sibo,Real Oviedo,26,1686,0,0.36,-0.36,9,2,0.0,0.04
Nicolás Fonseca,Real Oviedo,19,1019,0,0.35,-0.35,8,1,0.0,0.04
Dani Calvo,Real Oviedo,20,1609,0,0.3,-0.3,3,0,0.0,0.1
Eric Bailly,Real Oviedo,15,1236,1,0.3,0.7000000000000001,5,1,20.0,0.06
Rahim Alhassane,Real Oviedo,27,1710,0,0.05,-0.05,3,0,0.0,0.02
