name,club,apps,mins,tackles,interceptions,possession_won,blocks,clearances,ground_duels_total,ground_duels_won,ground_duels_pct,aerial_duels_total,aerial_duels_won,aerial_duels_pct,open_play_total
Pedri,Barcelona,29,2107,50,24,163,2,23,219,131,59.8%,12,10,83.3%,
Eric García,Barcelona,34,2730,74,48,113,7,81,169,99,58.6%,81,44,54.3%,
Pau Cubarsí,Barcelona,31,2708,42,30,104,11,114,79,45,57.1%,104,65,62.5%,
Dani Olmo,Barcelona,33,2077,33,14,102,1,23,183,91,49.7%,33,20,60.6%,
Lamine Yamal,Barcelona,28,2268,35,10,99,0,3,409,220,53.8%,5,0,0.0%,
Alejandro Balde,Barcelona,28,1874,35,5,92,1,10,231,138,59.7%,20,10,50.0%,
Jules Koundé,Barcelona,30,2261,47,30,91,1,12,134,72,53.8%,62,35,56.5%,
Frenkie de Jong,Barcelona,25,1631,45,17,86,4,15,111,77,69.4%,16,8,50.0%,
Fermín López,Barcelona,30,1797,48,7,82,0,6,221,112,50.7%,23,8,34.8%,
Gerard Martín,Barcelona,32,2124,40,29,72,8,11,182,53,64.6%,63,43,68.3%,
João Cancelo,Barcelona,16,952,27,10,57,2,17,119,66,55.5%,13,7,53.8%,
Ronald Araujo,Barcelona,24,1061,21,9,48,5,38,42,24,57.1%,58,39,67.2%,
Raphinha,Barcelona,22,1388,15,5,47,1,1,102,46,45.1%,7,3,42.9%,
Marcus Rashford,Barcelona,32,1761,8,2,44,3,1,41,16,39.1%,10,4,44.0%,
Marc Casadó,Barcelona,24,981,18,7,41,3,8,81,40,49.4%,13,7,53.8%,
Ferran Torres,Barcelona,33,1976,7,3,36,1,1,93,35,37.6%,43,25,58.1%,
Robert Lewandowski,Barcelona,31,1656,5,3,31,0,2,87,33,37.9%,52,25,48.1%,
Álvaro Carreras,Real Madrid,28,2334,41,39,155,6,60,172,92,53.5%,58,32,55.2%,
Aurélien Tchouaméni,Real Madrid,33,2622,68,47,144,13,55,155,98,63.2%,95,72,75.8%,
Federico Valverde,Real Madrid,33,2746,41,24,142,8,51,128,78,60.9%,35,22,62.9%,
Jude Bellingham,Real Madrid,28,1917,51,14,105,2,18,246,142,57.7%,61,35,57.4%,
Arda Güler,Real Madrid,33,2026,46,9,101,2,9,178,105,59.0%,13,4,30.8%,
Vinícius Júnior,Real Madrid,36,2825,29,2,88,0,1,397,197,49.6%,6,0,0.0%,
Eduardo Camavinga,Real Madrid,29,1526,65,14,84,1,12,171,109,63.7%,18,10,55.6%,
Dean Huijsen,Real Madrid,28,2037,31,19,74,16,129,72,46,63.9%,83,50,60.2%,
Brahim Díaz,Real Madrid,30,1252,15,2,59,0,4,149,77,51.7%,10,2,20.0%,
Antonio Rüdiger,Real Madrid,18,1492,14,4,45,7,45,22,9,45.2%,43,30,69.8%,
Éder Militão,Real Madrid,16,1141,23,11,56,12,52,59,39,66.1%,47,26,55.3%,
Raúl Asencio,Real Madrid,23,1706,17,10,52,13,57,68,41,60.3%,37,21,56.8%,
Trent Alexander-Arnold,Real Madrid,21,1163,14,14,49,2,10,55,24,43.6%,8,5,62.5%,
Kylian Mbappé,Real Madrid,31,2604,4,2,44,0,0,247,118,47.8%,10,7,70.0%,
Franco Mastantuono,Real Madrid,23,1037,20,3,39,0,3,164,75,45.7%,13,5,38.5%,
Dani Carvajal,Real Madrid,17,976,14,6,37,7,21,49,25,51.0%,12,5,41.7%,
Fran García,Real Madrid,13,929,19,7,34,4,2,26,13,59.0%,20,7,35.0%,
Gonzalo García,Real Madrid,30,952,1,1,32,3,0,95,54,35.2%,38,21,55.3%,
Koke,Atlético Madrid,34,2220,50,18,131,7,25,151,75,49.7%,29,13,44.8%,
Marcos Llorente,Atlético Madrid,29,2184,59,12,124,2,53,151,83,55.0%,23,10,43.5%,
Pablo Barrios,Atlético Madrid,23,1666,30,27,114,2,12,142,78,54.8%,32,18,56.3%,
Giuliano Simeone,Atlético Madrid,31,2109,45,18,111,1,11,235,114,48.5%,45,26,57.8%,
Matteo Ruggeri,Atlético Madrid,26,1775,36,20,98,3,65,112,43,38.4%,44,26,59.1%,
Dávid Hancko,Atlético Madrid,30,2434,43,19,86,11,101,105,55,52.4%,74,42,56.8%,
Nahuel Molina,Atlético Madrid,26,1321,40,13,80,5,32,114,60,52.6%,22,7,31.8%,
Thiago Almada,Atlético Madrid,27,1312,29,8,72,2,26,139,66,47.5%,16,5,31.3%,
Antoine Griezmann,Atlético Madrid,34,1468,14,8,64,2,13,74,33,44.6%,31,11,35.5%,
Álex Baena,Atlético Madrid,27,1572,18,1,66,3,4,121,14,43.3%,28,7,25.0%,
Nico González,Atlético Madrid,24,1453,24,12,61,3,27,121,57,47.1%,82,50,61.0%,
Marc Pubill,Atlético Madrid,19,1382,25,20,60,1,58,56,36,64.2%,76,59,77.6%,
Rodrigo Mendoza,Atlético Madrid,24,1231,16,4,60,2,1,31,13,42.0%,29,7,24.1%,
Robin Le Normand,Atlético Madrid,28,1783,35,20,56,7,98,82,49,59.8%,76,51,67.1%,
Julián Alvarez,Atlético Madrid,29,1902,21,3,51,0,5,151,65,43.0%,24,5,20.8%,
Clément Lenglet,Atlético Madrid,19,1393,21,12,25,0,6,73,37,50.8%,55,30,54.5%,
José María Giménez,Atlético Madrid,16,1177,25,16,47,1,26,46,25,54.4%,74,37,50.0%,
Alexander Sørloth,Atlético Madrid,35,1981,1,4,0,3,4,22,5,33.1%,161,94,58.4%,
Pablo Fornals,Real Betis,37,2865,39,34,159,3,20,209,89,42.6%,54,15,27.8%,
Antony,Real Betis,32,2459,39,24,123,1,17,205,110,53.7%,21,7,33.3%,
Abde Ezzalzouli,Real Betis,29,2255,53,16,120,1,14,301,163,54.2%,74,31,41.9%,
Marc Roca,Real Betis,29,2025,38,23,103,9,39,156,72,46.2%,25,9,36.0%,
Natan,Real Betis,33,2810,32,36,100,23,21,179,144,48.4%,124,69,55.6%,
Sofyan Amrabat,Real Betis,17,1296,27,11,98,4,15,92,52,56.5%,12,4,33.3%,
Aitor Ruibal,Real Betis,27,1814,45,21,98,3,45,174,84,48.3%,20,7,35.0%,
Cucho Hernández,Real Betis,32,2592,28,9,81,22,52,202,93,46.0%,90,38,42.2%,
Sergi Altimira,Real Betis,24,1182,51,21,79,4,20,119,76,63.9%,25,17,68.0%,
Marc Bartra,Real Betis,25,1978,45,27,77,8,24,159,103,62.0%,73,43,58.9%,
Giovani Lo Celso,Real Betis,24,1396,19,6,74,0,7,135,77,57.0%,18,10,55.6%,
Valentín Gómez,Real Betis,28,1875,46,24,74,13,11,31,23,69.6%,74,43,58.1%,
Héctor Bellerín,Real Betis,27,1820,31,14,59,4,7,90,42,46.7%,29,17,58.6%,
Diego Llorente,Real Betis,18,1226,27,28,50,9,9,65,53,65.5%,60,34,56.7%,
Ricardo Rodríguez,Real Betis,23,1546,24,8,44,4,3,67,59,30.5%,30,16,53.3%,
Marcos Alonso,Celta Vigo,32,2770,41,28,154,1,71,61,11,37.7%,81,48,59.3%,
Sergio Carreira,Celta Vigo,34,2693,32,25,107,3,65,167,93,55.7%,34,11,32.4%,
Ilaix Moriba,Celta Vigo,36,2488,87,26,101,7,32,225,81,58.0%,47,15,31.9%,
Álvaro Núñez,Celta Vigo,25,1984,29,16,92,8,34,106,66,62.3%,35,11,31.4%,
Hugo Sotelo,Celta Vigo,20,1342,30,13,89,9,17,95,45,47.4%,7,4,57.1%,
Óscar Mingueza,Celta Vigo,34,1967,42,9,79,5,38,161,84,52.2%,23,15,65.2%,
Fer López,Celta Vigo,17,1174,20,8,73,2,9,126,60,47.6%,15,5,33.3%,
Javi Rodríguez,Celta Vigo,33,2561,38,26,71,18,97,144,78,54.2%,63,27,42.9%,
Miguel Román,Celta Vigo,19,1310,27,12,69,7,23,87,41,47.1%,21,10,47.6%,
Javi Rueda,Celta Vigo,26,1404,20,21,53,6,33,120,62,51.7%,28,8,28.6%,
Ferran Jutglà,Celta Vigo,30,1663,12,8,51,1,20,143,63,44.1%,48,17,35.4%,
Carl Starfelt,Celta Vigo,19,1492,23,17,50,13,108,52,31,59.6%,53,31,58.5%,
Pablo Durán,Celta Vigo,30,1424,16,6,49,3,15,94,43,45.7%,31,13,41.9%,
Borja Iglesias,Celta Vigo,35,1902,8,14,48,5,17,139,50,36.0%,41,19,46.3%,
Iago Aspas,Celta Vigo,32,1130,15,12,48,0,2,86,44,51.2%,13,3,23.1%,
Hugo Álvarez,Celta Vigo,28,1337,15,10,44,0,9,111,48,43.2%,10,1,10.0%,
Bryan Zaragoza,Celta Vigo,19,1135,10,2,32,0,5,121,54,44.6%,8,1,12.5%,
Williot Swedberg,Celta Vigo,29,1268,28,4,31,2,7,153,72,47.1%,16,2,12.5%,
Yoel Lago,Celta Vigo,12,940,19,7,28,1,0,68,56,60.7%,19,10,52.6%,
Luis Milla,Getafe,37,3273,60,42,208,7,51,232,123,53.0%,91,51,56.0%,
Mauro Arambarri,Getafe,37,3255,67,23,154,5,34,334,165,49.4%,121,57,47.1%,
Djené Dakonam,Getafe,34,2585,36,35,109,10,145,123,69,56.1%,77,46,59.7%,
Juan Iglesias,Getafe,37,3189,11,22,51,0,81,114,13,57.8%,65,21,43.8%,
Kiko Femenía,Getafe,28,2020,39,34,100,2,44,115,57,49.6%,37,18,48.6%,
Domingos Duarte,Getafe,34,2928,31,35,99,15,21,121,102,53.9%,135,79,58.5%,
Zaid Romero,Getafe,15,1350,31,28,80,3,92,87,59,67.8%,53,27,50.9%,
Mario Martín,Getafe,35,2134,56,15,74,5,29,256,104,40.6%,19,27,39.1%,
Diego Rico,Getafe,28,1753,47,31,73,3,59,146,88,60.3%,51,22,43.1%,
Adrián Liso,Getafe,28,1709,28,4,53,2,7,197,85,43.1%,118,36,30.5%,
Martín Satriano,Getafe,18,1604,23,9,53,2,18,181,79,43.6%,111,41,36.9%,
Abdel Abqar,Getafe,23,1440,38,22,44,8,82,118,76,64.4%,40,22,55.0%,
Borja Mayoral,Getafe,16,1059,5,5,32,2,5,49,18,36.7%,46,15,32.6%,
Luis Vázquez,Getafe,17,1204,5,4,27,1,12,85,38,44.7%,104,46,44.2%,
Santiago Mouriño,Villarreal,28,2384,10,22,91,4,29,127,27,54.7%,78,15,62.3%,
Santi Comesaña,Villarreal,34,2413,45,28,133,15,54,186,84,45.2%,70,35,50.0%,
Alberto Moleiro,Villarreal,37,2490,30,12,111,3,13,241,90,37.3%,24,3,12.5%,
Pape Gueye,Villarreal,30,2143,40,34,111,9,59,185,109,58.9%,43,24,55.8%,
Nicolas Pépé,Villarreal,36,2396,31,16,110,1,2,282,132,46.8%,43,18,41.9%,
Tajon Buchanan,Villarreal,34,1821,28,21,108,2,16,191,85,44.5%,14,3,21.4%,
Renato Veiga,Villarreal,32,2478,19,23,87,3,0,156,63,39.7%,77,49,63.6%,
Alfonso Pedraza,Villarreal,27,1690,41,29,82,6,39,151,84,55.6%,13,3,23.1%,
Sergi Cardona,Villarreal,31,1965,47,36,73,8,58,145,72,49.7%,39,20,51.3%,
Dani Parejo,Villarreal,32,1390,42,12,68,6,15,119,77,64.7%,10,8,80.0%,
Rafa Marín,Villarreal,23,1980,37,18,62,1,61,14,17,64.4%,73,40,54.8%,
Pau Navarro,Villarreal,23,1924,65,18,59,1,6,108,15,53.5%,54,26,48.1%,
Thomas Partey,Villarreal,25,923,18,14,55,4,18,63,32,50.8%,27,14,51.9%,
Juan Foyth,Villarreal,13,936,20,16,46,1,0,56,35,68.6%,16,9,56.3%,
Gerard Moreno,Villarreal,22,1350,15,4,41,1,1,108,48,44.4%,40,19,47.5%,
Georges Mikautadze,Villarreal,32,2117,6,5,40,1,6,16,28,51.2%,43,10,23.3%,
Ayoze Pérez,Villarreal,25,1122,22,4,23,0,9,135,57,42.2%,44,15,34.1%,
Florian Lejeune,Rayo Vallecano,36,3231,66,48,168,27,229,161,87,54.0%,124,82,66.1%,
Andrei Ratiu,Rayo Vallecano,35,2804,70,38,163,6,80,291,152,52.2%,58,22,37.9%,
Pep Chavarría,Rayo Vallecano,33,2681,54,31,142,14,86,194,106,54.6%,53,22,41.5%,
Pathé Ciss,Rayo Vallecano,29,1995,54,36,115,16,78,132,76,57.6%,62,34,54.8%,
Óscar Valentín,Rayo Vallecano,33,2113,72,28,103,14,62,178,98,55.1%,71,27,38.0%,
Pedro Díaz,Rayo Vallecano,34,1869,38,8,102,11,51,150,66,44.0%,26,13,50.0%,
Isi Palazón,Rayo Vallecano,31,2262,29,39,66,2,32,224,102,45.5%,51,21,41.2%,
Unai López,Rayo Vallecano,28,1618,31,22,95,3,23,134,58,43.3%,20,11,55.0%,
Pacha Espino,Rayo Vallecano,30,1480,52,15,89,5,32,177,99,55.9%,36,18,50.0%,
Fran Pérez,Rayo Vallecano,29,1234,15,2,85,2,7,108,44,40.7%,20,3,15.0%,
Álvaro García,Rayo Vallecano,32,2105,27,13,78,1,2,196,84,42.9%,44,13,29.5%,
Jorge de Frutos,Rayo Vallecano,36,2483,31,11,69,0,1,221,99,44.9%,51,19,37.3%,
Nobel Mendy,Rayo Vallecano,24,1804,26,21,68,2,31,155,81,50.6%,59,31,52.5%,
Gerard Gumbau,Rayo Vallecano,28,1171,29,10,47,6,28,90,40,44.4%,31,14,45.2%,
Alemão,Rayo Vallecano,26,1132,5,1,19,2,13,89,39,43.8%,58,19,32.8%,
Pepelu,Valencia,31,2232,60,21,141,1,10,66,14,58.2%,54,30,55.6%,
Javi Guerra,Valencia,36,2069,29,24,107,6,25,198,75,37.9%,27,14,51.9%,
José Gayà,Valencia,32,2461,69,23,106,7,86,168,100,59.5%,40,23,57.5%,
Luis Rioja,Valencia,37,2636,36,18,103,0,34,203,101,49.8%,23,4,17.4%,
César Tárrega,Valencia,32,2597,42,29,83,17,194,119,65,54.6%,110,62,56.4%,
Guido Rodríguez,Valencia,16,1308,41,10,80,7,40,143,79,55.2%,35,19,54.3%,
Filip Ugrinic,Valencia,27,1507,25,11,79,3,33,103,56,54.4%,28,16,57.1%,
Diego López,Valencia,34,1762,22,10,79,2,11,143,67,46.9%,7,2,34.2%,
Arnaut Danjuma,Valencia,30,1627,13,2,66,1,6,139,61,43.9%,19,8,42.1%,
Thierry Correia,Valencia,24,1394,31,17,56,0,27,115,64,55.7%,37,14,37.8%,
Dimitri Foulquier,Valencia,15,1148,15,8,55,1,40,66,32,48.5%,25,11,44.0%,
Jesús Vázquez,Valencia,24,962,24,4,54,4,32,112,53,47.3%,20,11,55.0%,
Largie Ramazani,Valencia,27,1224,14,1,45,1,0,151,56,37.1%,14,3,21.4%,
Copete,Valencia,21,1760,26,2,51,1,51,127,74,57.1%,63,36,57.1%,
Lucas Beltrán,Valencia,27,1366,22,4,50,1,13,157,77,49.0%,70,25,35.7%,
André Almeida,Valencia,22,1016,23,1,49,1,51,113,60,53.1%,4,3,75.0%,
Eray Cömert,Valencia,17,1339,26,2,46,6,88,57,39,68.4%,31,17,54.8%,
Unai Núñez,Valencia,13,912,25,1,40,5,43,52,31,59.6%,28,14,50.0%,
Hugo Duro,Valencia,36,1981,16,4,39,6,21,117,57,48.7%,144,45,31.3%,
Umar Sadiq,Valencia,25,1054,8,1,32,1,5,130,42,32.3%,76,27,35.5%,
Sergio Gómez,Real Sociedad,35,2705,88,31,150,6,72,218,115,52.8%,33,21,63.6%,
Jon Gorrotxategi,Real Sociedad,30,2215,45,35,125,13,45,164,82,50.0%,65,30,46.2%,
Jon Aramburu,Real Sociedad,35,2778,105,47,120,8,95,300,159,53.0%,70,50,71.4%,
Ander Barrenetxea,Real Sociedad,30,1769,30,15,107,4,11,259,115,44.4%,26,9,34.6%,
Mikel Oyarzabal,Real Sociedad,34,2714,29,4,93,3,28,217,106,48.8%,112,39,34.8%,
Carlos Soler,Real Sociedad,33,2325,38,15,89,10,26,142,71,50.0%,21,8,38.1%,
Brais Méndez,Real Sociedad,29,1672,23,7,78,7,29,184,89,48.4%,49,30,61.2%,
Jon Martín,Real Sociedad,25,2250,31,34,82,22,215,98,25,62.2%,124,84,67.7%,
Duje Caleta-Car,Real Sociedad,27,2150,24,28,79,24,129,66,32,48.5%,134,84,62.7%,
Beñat Turrientes,Real Sociedad,27,1347,40,9,78,5,26,153,82,53.6%,23,12,52.2%,
Igor Zubeldia,Real Sociedad,25,2082,38,22,67,12,149,90,43,47.8%,105,48,45.7%,
Pablo Marín,Real Sociedad,34,1494,19,8,60,1,16,136,58,42.6%,30,8,26.7%,
Gonçalo Guedes,Real Sociedad,32,1832,25,4,57,0,6,162,76,46.9%,32,11,34.4%,
Takefusa Kubo,Real Sociedad,24,1508,29,1,53,0,10,194,116,59.8%,19,7,36.8%,
Luka Sucic,Real Sociedad,22,1018,19,5,43,1,15,85,39,45.9%,35,16,45.7%,
Carlos Romero,Espanyol,36,3195,97,40,173,15,73,295,164,55.6%,33,14,42.4%,
Urko González de Zárate,Espanyol,36,2629,55,32,142,11,59,225,109,48.4%,51,25,49.0%,
Edu Expósito,Espanyol,36,2542,53,23,119,13,62,230,129,56.1%,43,18,41.9%,
Tyrhys Dolan,Espanyol,36,2431,57,18,108,2,14,272,138,50.7%,35,10,28.6%,
Omar El Hilali,Espanyol,36,2828,73,40,96,16,95,176,103,58.5%,62,28,45.2%,
Fernando Calero,Espanyol,28,2150,29,28,85,29,124,68,40,58.8%,8,3,45.1%,
Leandro Cabrera,Espanyol,37,3330,36,26,85,27,218,109,49,45.0%,163,106,65.0%,
Pol Lozano,Espanyol,33,2171,38,22,83,6,26,183,71,38.8%,31,11,35.5%,
Pere Milla,Espanyol,33,1986,37,18,76,3,21,183,83,45.4%,57,23,40.4%,
Roberto Fernández,Espanyol,38,2387,12,7,57,5,26,157,63,40.1%,180,59,32.8%,
Clemens Riedel,Espanyol,20,1397,28,11,53,6,100,65,35,53.8%,65,35,53.8%,
Kike García,Espanyol,37,1727,12,6,48,1,20,136,63,46.3%,181,90,49.7%,
Jofre Carreras,Espanyol,26,921,9,6,41,0,8,107,52,48.6%,11,3,27.3%,
Ramon Terrats,Espanyol,29,1023,22,11,35,5,7,121,53,43.8%,29,9,31.0%,
Íñigo Ruíz de Galarreta,Athletic Bilbao,34,2231,60,23,188,5,21,251,135,53.8%,45,25,55.6%,
Mikel Jauregizar,Athletic Bilbao,36,2843,68,46,172,3,27,257,112,43.6%,81,46,56.8%,
Yuri Berchiche,Athletic Bilbao,32,2709,43,35,144,2,101,114,66,57.9%,92,59,64.1%,
Dani Vivian,Athletic Bilbao,31,2563,55,32,130,13,143,150,76,50.7%,70,31,44.3%,
Alex Berenguer,Athletic Bilbao,31,2164,28,13,96,1,18,218,88,40.4%,85,31,36.5%,
Nico Williams,Athletic Bilbao,25,1687,15,7,90,0,9,263,111,42.2%,18,8,44.4%,
Aymeric Laporte,Athletic Bilbao,25,2060,27,25,87,13,127,61,42,68.9%,89,60,67.4%,
Alejandro Rego,Athletic Bilbao,29,1265,42,25,72,5,16,127,57,44.9%,22,14,63.6%,
Aitor Paredes,Athletic Bilbao,19,1629,21,28,69,4,76,56,31,55.4%,48,30,62.5%,
Iñaki Williams,Athletic Bilbao,30,2168,12,8,67,2,14,162,47,29.0%,64,30,46.9%,
Oihan Sancet,Athletic Bilbao,28,1803,25,4,66,2,9,150,69,46.0%,49,19,38.8%,
Gorka Guruzeta,Athletic Bilbao,35,2371,19,12,59,2,18,160,56,35.0%,191,78,40.8%,
Robert Navarro,Athletic Bilbao,32,1294,16,7,56,1,9,140,55,39.3%,43,9,20.9%,
Jesús Areso,Athletic Bilbao,26,1504,22,18,56,7,51,83,42,50.6%,43,33,76.7%,
Andoni Gorosabel,Athletic Bilbao,24,1358,37,16,46,2,39,110,61,55.5%,24,13,54.2%,
Unai Gómez,Athletic Bilbao,26,932,13,1,29,1,6,124,48,39.3%,48,17,35.4%,
José Ángel Carmona,Sevilla,35,2564,65,39,146,8,71,254,127,50.0%,61,38,62.3%,
Lucien Agoumé,Sevilla,34,2693,70,48,140,5,40,203,97,47.8%,95,54,56.8%,
Gabriel Suazo,Sevilla,29,2096,86,30,111,5,47,201,115,57.2%,35,13,37.1%,
Kike Salas,Sevilla,26,2203,59,37,109,18,163,139,81,58.3%,138,96,69.6%,
Juanlu Sánchez,Sevilla,32,1993,63,12,103,0,32,225,132,58.7%,43,18,41.9%,
Batista Mendy,Sevilla,27,1619,35,18,93,5,24,148,71,48.0%,27,16,59.3%,
Djibril Sow,Sevilla,33,2195,45,22,86,2,9,143,81,56.6%,45,15,33.3%,
Rubén Vargas,Sevilla,24,1608,19,7,81,1,13,121,57,47.1%,36,20,55.6%,
Nemanja Gudelj,Sevilla,34,2348,35,25,80,18,127,118,51,43.2%,68,43,63.2%,
Andrés Castrín,Sevilla,19,1275,26,20,65,14,83,72,48,66.7%,49,27,55.1%,
Alexis Sánchez,Sevilla,28,1298,22,7,64,0,4,114,56,49.1%,36,14,38.9%,
Isaac Romero,Sevilla,29,1490,16,6,61,1,1,152,49,32.2%,56,23,41.1%,
Chidera Ejuke,Sevilla,27,923,19,6,61,1,3,152,92,60.5%,16,5,31.3%,
Oso,Sevilla,21,1409,27,7,54,3,17,113,60,53.1%,31,15,48.4%,
Akor Adams,Sevilla,32,2059,8,1,48,4,26,116,36,31.0%,130,56,43.1%,
Peque Fernández,Sevilla,26,978,13,1,41,1,1,21,43,55.2%,32,17,53.1%,
César Azpilicueta,Sevilla,17,1218,27,22,40,9,40,75,37,49.3%,35,22,62.9%,
Marcão,Sevilla,13,937,13,5,32,5,59,60,35,58.3%,51,27,52.9%,
Antonio Blanco,Alaves,36,3116,94,54,206,11,41,338,159,47.0%,71,35,49.3%,
Jonny,Alaves,34,2998,66,41,156,14,63,226,121,53.5%,48,26,54.2%,
Pablo Ibáñez,Alaves,37,2247,57,21,125,10,26,308,154,50.0%,53,26,49.1%,
Nahuel Tenaglia,Alaves,36,3239,66,46,116,29,180,185,118,63.8%,98,48,49.0%,
Denis Suárez,Alaves,30,1406,23,6,92,3,12,175,74,42.3%,13,4,30.8%,
Toni Martínez,Alaves,37,2725,28,4,85,2,37,188,80,42.6%,316,179,56.6%,
Carles Aleñá,Alaves,34,1995,37,10,83,2,22,197,86,43.7%,34,14,41.2%,
Abde Rebbach,Alaves,30,1492,42,15,80,0,23,204,90,44.1%,22,9,40.9%,
Ángel Pérez,Alaves,16,1290,15,10,70,1,26,114,52,45.6%,10,1,10.0%,
Jon Pacheco,Alaves,22,1734,36,11,70,20,103,74,45,60.8%,67,42,62.7%,
Youssef Enríquez,Alaves,25,1332,17,10,65,1,37,94,38,40.4%,24,16,66.7%,
Lucas Boyé,Alaves,29,1959,36,7,64,6,19,286,112,39.2%,107,32,29.9%,
Victor Parada,Alaves,30,2151,33,11,64,10,81,105,53,50.9%,69,33,47.8%,
Jon Guridi,Alaves,28,1240,28,10,64,2,19,91,43,47.3%,51,22,43.1%,
Carlos Vicente,Alaves,21,1256,27,7,63,2,14,144,80,55.6%,23,11,47.8%,
Aleix Febas,Elche,36,3166,77,27,174,3,22,389,245,63.0%,22,6,27.3%,
David Affengruber,Elche,36,2953,74,51,158,26,178,185,120,64.9%,106,65,61.3%,
Germán Valera,Elche,36,2869,55,23,130,8,44,283,164,58.0%,30,12,40.0%,
Marc Aguado,Elche,35,2514,48,43,97,2,15,111,70,63.1%,26,9,34.6%,
Victor Chust,Elche,31,2165,63,20,91,16,86,147,81,55.1%,62,29,46.8%,
Pedro Bigas,Elche,28,2068,36,29,76,18,107,109,58,53.2%,73,50,68.5%,
Léo Pétrot,Elche,32,1568,37,15,69,14,72,82,46,56.1%,51,34,66.7%,
Martim Neto,Elche,25,1352,21,25,81,1,13,107,53,49.5%,13,5,38.5%,
André Silva,Elche,31,1853,14,5,56,1,19,157,62,39.5%,70,25,35.7%,
Álvaro Rodríguez,Elche,34,2200,24,3,53,1,26,240,112,46.7%,234,133,56.8%,
Tete Morente,Elche,13,933,22,10,45,5,20,100,41,41.0%,24,12,50.0%,
Adrià Pedrosa,Elche,27,1084,34,14,37,2,40,106,48,45.3%,23,7,30.4%,
Rafa Mir,Elche,27,1809,16,5,37,1,19,114,37,32.5%,60,19,31.7%,
Grady Diangana,Elche,20,929,14,4,27,3,9,102,42,41.2%,19,7,36.8%,
Manu Sánchez,Levante,33,2818,81,32,106,5,82,216,114,52.8%,51,21,41.2%,
Jeremy Toljan,Levante,37,3173,67,31,97,1,69,169,92,54.4%,45,13,28.9%,
Carlos Álvarez,Levante,30,1897,22,13,92,1,6,202,89,44.1%,22,4,18.2%,
Iván Romero,Levante,32,2278,33,12,92,2,9,300,147,49.0%,65,30,46.2%,
Kervin Arriaga,Levante,27,1526,41,14,89,1,46,130,70,53.8%,74,47,63.5%,
Adrián de la Fuente,Levante,33,2710,31,48,88,20,179,113,65,57.5%,67,41,61.2%,
Pablo Martínez,Levante,27,1865,17,20,87,1,22,29,122,34.4%,21,14,66.7%,
Jon Olasagasti,Levante,33,1729,28,14,79,7,23,141,73,51.8%,53,29,54.7%,
Matías Moreno,Levante,28,2256,33,37,78,18,129,96,59,61.5%,88,50,56.8%,
Oriol Rey,Levante,20,1319,20,10,60,5,33,80,35,43.8%,27,13,48.1%,
Alan Matturro,Levante,19,941,12,16,55,5,78,47,31,66.0%,31,17,54.8%,
Karl Etta Eyong,Levante,33,1668,27,6,55,1,18,156,72,46.2%,93,34,36.6%,
Víctor García,Levante,21,1040,22,10,54,4,15,87,45,51.7%,31,14,45.2%,
Kareem Tunde,Levante,21,1144,23,15,53,0,3,114,61,53.5%,32,12,37.5%,
Carlos Espí,Levante,25,1338,1,3,9,4,11,118,50,42.4%,82,46,56.1%,
Unai Elgezabal,Levante,12,958,8,3,28,1,67,32,14,43.8%,43,31,72.1%,
Roger Brugué,Levante,19,1007,11,4,26,1,19,82,28,34.1%,36,13,36.1%,
Jon Moncayola,Osasuna,36,3028,55,23,161,6,49,182,80,44.0%,34,18,52.9%,
Valentin Rosier,Osasuna,31,2554,48,43,153,3,88,191,196,50.3%,33,19,57.6%,
Enzo Boyomo,Osasuna,30,2545,58,17,128,12,122,118,66,55.9%,76,37,48.7%,
Alejandro Catena,Osasuna,35,3073,41,33,116,32,215,122,60,49.2%,141,81,57.4%,
Aimar Oroz,Osasuna,31,2152,37,10,110,1,15,257,133,51.8%,64,30,46.9%,
Lucas Torró,Osasuna,34,2307,39,28,108,8,46,134,74,55.2%,157,109,69.4%,
Víctor Muñoz,Osasuna,34,2668,22,9,96,0,20,355,150,42.3%,48,17,35.4%,
Rubén García,Osasuna,35,2247,50,17,91,2,22,201,195,47.3%,70,23,32.9%,
Javi Galán,Osasuna,25,1807,48,29,90,5,58,206,125,60.7%,36,14,38.9%,
Moi Gómez,Osasuna,26,1196,20,11,89,1,10,99,53,53.5%,19,12,63.2%,
Abel Bretones,Osasuna,28,1619,33,18,68,5,51,127,65,51.2%,21,13,61.9%,
Iker Muñoz,Osasuna,19,949,12,11,49,2,23,82,36,43.9%,31,15,48.4%,
Ante Budimir,Osasuna,37,2953,2,1,64,5,64,156,59,37.8%,233,124,53.2%,
Jorge Herrando,Osasuna,28,1598,32,18,38,11,110,87,76,42.5%,50,28,56.0%,
Raúl García,Osasuna,36,1013,1,5,7,2,8,21,6,47.9%,76,40,52.6%,
Johan Mojica,Mallorca,35,2725,51,24,178,6,84,187,95,50.8%,39,23,59.0%,
Sergi Darder,Mallorca,38,2689,28,26,127,6,18,172,91,52.9%,15,8,53.3%,
Samú Costa,Mallorca,34,2705,65,26,118,13,90,305,141,46.2%,118,78,66.1%,
Omar Mascarell,Mallorca,30,2245,48,35,111,17,84,130,67,51.5%,67,30,44.8%,
Pablo Maffeo,Mallorca,31,2672,68,35,111,11,99,203,125,61.6%,55,31,56.4%,
Manu Morlanes,Mallorca,32,1773,56,19,97,2,22,145,76,52.4%,30,13,43.3%,
Martin Valjent,Mallorca,37,3309,50,22,90,15,242,114,64,56.1%,99,59,59.6%,
Pablo Torre,Mallorca,35,1603,22,9,83,2,13,158,74,46.8%,3,2,21.9%,
Vedat Muriqi,Mallorca,37,3134,9,27,65,5,81,181,84,46.4%,263,146,55.5%,
Antonio Sánchez,Mallorca,30,1060,21,12,68,3,22,95,36,37.9%,12,5,41.7%,
Jan Virgili,Mallorca,31,1797,15,7,68,2,9,217,88,40.6%,37,14,37.8%,
Mateo Joseph,Mallorca,29,1703,29,12,65,4,24,168,78,46.4%,51,10,19.6%,
Antonio Raíllo,Mallorca,24,2070,25,16,62,33,121,65,39,60.0%,118,77,65.3%,
Axel Witsel,Girona,32,2533,37,30,167,11,56,167,83,49.7%,75,47,62.7%,
Iván Martín,Girona,35,2538,61,16,147,4,29,217,122,56.2%,52,21,40.4%,
Daley Blind,Girona,31,2610,55,39,141,20,126,134,87,64.9%,70,33,47.1%,
Vitor Reis,Girona,36,3138,50,33,128,39,215,140,82,58.6%,156,87,55.8%,
Arnau Martínez,Girona,35,2678,66,41,117,12,124,190,109,57.4%,68,34,50.0%,
Álex Moreno,Girona,31,2558,43,30,101,8,104,206,98,47.6%,34,20,58.8%,
Viktor Tsygankov,Girona,32,2641,31,20,82,4,29,181,92,50.8%,71,32,45.1%,
Azzedine Ounahi,Girona,24,1766,23,16,80,1,9,298,153,51.3%,12,6,50.0%,
Bryan Gil,Girona,29,1586,31,9,79,1,11,232,101,43.5%,17,4,23.5%,
Fran Beltrán,Girona,27,1544,34,17,69,6,25,109,53,48.6%,29,10,34.5%,
Hugo Rincón,Girona,33,1741,47,5,66,9,50,174,109,62.6%,49,20,40.8%,
Joel Roca,Girona,32,1469,23,2,63,0,14,214,105,49.1%,25,5,20.0%,
Thomas Lemar,Girona,27,1259,27,5,57,2,2,149,67,45.0%,4,2,50.0%,
Alejandro Francés,Girona,24,1103,25,15,46,6,60,81,54,66.7%,23,15,65.2%,
Vladyslav Vanat,Girona,27,1960,5,3,24,1,16,116,43,36.9%,51,17,33.3%,
Ilyas Chaira,Real Oviedo,36,2458,49,5,114,5,11,312,124,39.7%,55,21,38.2%,
Javi López,Real Oviedo,25,1712,43,20,104,2,55,165,85,51.5%,39,14,35.9%,
Santiago Colombatto,Real Oviedo,32,2069,44,14,102,6,41,159,89,56.0%,27,12,44.4%,
Alberto Reina,Real Oviedo,37,2480,44,19,97,6,14,191,104,54.5%,46,17,37.0%,
Federico Viñas,Real Oviedo,33,2451,50,14,89,4,28,295,167,56.6%,199,93,46.7%,
Kwasi Sibo,Real Oviedo,26,1686,34,15,82,6,36,105,42,40.0%,31,14,45.2%,
Rahim Alhassane,Real Oviedo,27,1710,34,33,82,6,70,80,50,62.5%,33,21,63.6%,
Nacho Vidal,Real Oviedo,29,2272,45,31,81,6,79,155,84,54.2%,42,22,52.4%,
Haissem Hassan,Real Oviedo,37,1943,39,6,72,0,11,249,125,50.2%,8,2,25.0%,
David Costas,Real Oviedo,25,2064,26,27,76,9,18,113,66,60.6%,83,51,61.4%,
David Carmo,Real Oviedo,22,1787,34,21,60,18,149,72,39,54.2%,91,62,68.1%,
Santi Cazorla,Real Oviedo,28,925,17,4,59,3,7,82,49,59.8%,11,6,54.5%,
Leander Dendoncker,Real Oviedo,19,1332,36,12,54,7,34,81,43,53.1%,42,23,54.8%,
Eric Bailly,Real Oviedo,15,1236,12,16,54,19,84,44,25,55.8%,61,41,67.2%,
Nicolás Fonseca,Real Oviedo,19,1019,41,17,51,5,16,107,54,50.5%,17,6,35.3%,
Lucas Ahijado,Real Oviedo,20,1091,46,17,49,4,31,102,65,63.7%,12,7,58.3%,
Dani Calvo,Real Oviedo,20,1609,27,10,35,27,145,47,33,70.2%,67,44,65.7%,
Salomón Rondón,Real Oviedo,16,1037,3,1,28,1,12,75,32,42.7%,85,45,52.9%,
