name,club,apps,mins,open_play_total,open_play_successful,open_play_pct,final_third_total,final_third_successful,final_third_pct,crosses_total,crosses_successful,crosses_pct,through_balls
Pau Cubarsí,Barcelona,31,2708,2768,2628,94.9%,287,247,86.1%,0,0,0.0%,5
Eric García,Barcelona,34,2730,2349,2165,92.2%,558,491,88.0%,14,1,7.1%,7
Pedri,Barcelona,29,2107,2055,1882,91.6%,772,664,86.0%,13,5,38.5%,21
Gerard Martín,Barcelona,32,2124,1946,1779,91.4%,343,283,82.5%,14,2,14.3%,0
Jules Koundé,Barcelona,30,2261,1922,1760,91.6%,507,426,84.0%,40,12,30.0%,3
Frenkie de Jong,Barcelona,25,1631,1502,1415,94.2%,508,468,92.1%,6,4,66.7%,4
Alejandro Balde,Barcelona,28,1874,1194,1096,91.8%,383,336,87.7%,28,6,21.4%,2
Lamine Yamal,Barcelona,28,2268,1349,1094,81.1%,759,569,75.0%,64,18,28.1%,22
Dani Olmo,Barcelona,33,2077,1215,1036,85.3%,502,397,79.1%,13,4,30.8%,14
Marc Casadó,Barcelona,24,981,898,817,91.0%,215,177,82.3%,3,2,66.7%,3
Fermín López,Barcelona,30,1797,890,778,87.4%,373,293,78.5%,32,5,15.6%,19
Ronald Araujo,Barcelona,24,1061,838,771,92.0%,100,72,72.0%,7,0,0.0%,1
Marcus Rashford,Barcelona,32,1761,773,655,84.7%,452,369,81.6%,5,0,0.0%,2
Raphinha,Barcelona,22,1388,639,519,81.2%,333,249,74.8%,378,82,21.6%,5
João Cancelo,Barcelona,16,952,546,476,87.2%,179,135,75.4%,27,8,29.6%,5
Ferran Torres,Barcelona,33,1976,471,357,75.8%,212,142,67.0%,3,1,33.3%,3
Robert Lewandowski,Barcelona,31,1656,333,268,80.5%,146,103,70.5%,0,0,0.0%,2
Aurélien Tchouaméni,Real Madrid,33,2622,1913,1751,91.5%,497,428,86.1%,7,1,14.3%,6
Federico Valverde,Real Madrid,33,2746,1904,1716,90.1%,678,577,85.1%,28,6,21.4%,8
Álvaro Carreras,Real Madrid,28,2334,1723,1561,90.6%,627,555,88.5%,31,3,9.7%,1
Dean Huijsen,Real Madrid,28,2037,1661,1492,89.8%,333,253,76.0%,1,0,0.0%,1
Arda Güler,Real Madrid,33,2026,1345,1220,90.7%,608,518,85.2%,26,6,23.1%,17
Raúl Asencio,Real Madrid,23,1706,1185,1114,94.0%,140,114,81.4%,1,0,0.0%,2
Antonio Rüdiger,Real Madrid,18,1492,1172,1091,93.1%,133,95,71.4%,2,0,0.0%,3
Jude Bellingham,Real Madrid,28,1917,1177,1050,89.2%,447,365,81.7%,16,4,25.0%,4
Eduardo Camavinga,Real Madrid,29,1526,1086,997,91.8%,340,291,85.6%,2,0,0.0%,7
Vinícius Júnior,Real Madrid,36,2825,1129,939,83.2%,700,555,79.3%,58,8,13.8%,10
Kylian Mbappé,Real Madrid,31,2604,998,863,86.5%,608,504,82.9%,26,6,23.1%,7
Trent Alexander-Arnold,Real Madrid,21,1163,821,700,85.3%,281,213,75.8%,68,13,19.1%,4
Éder Militão,Real Madrid,16,1141,767,697,90.9%,126,87,69.0%,1,0,0.0%,2
Dani Carvajal,Real Madrid,17,976,529,487,92.1%,142,123,86.6%,11,3,27.3%,2
Brahim Díaz,Real Madrid,30,1252,531,481,90.6%,242,208,86.0%,13,5,38.5%,4
Franco Mastantuono,Real Madrid,23,1037,492,443,90.0%,203,172,84.7%,13,4,30.8%,8
Fran García,Real Madrid,13,929,444,395,89.0%,137,117,85.4%,28,6,21.4%,0
Gonzalo García,Real Madrid,30,952,241,205,85.1%,79,62,78.5%,3,0,0.0%,2
Renato Veiga,Villarreal,32,2478,1544,1365,88.4%,205,132,64.4%,2,0,0.0%,3
Santiago Mouriño,Villarreal,28,2384,1236,1039,84.1%,226,162,71.7%,6,0,0.0%,2
Santi Comesaña,Villarreal,34,2413,1209,1006,83.2%,369,274,74.3%,15,2,13.3%,13
Rafa Marín,Villarreal,23,1980,1086,980,90.2%,134,94,70.2%,0,0,0.0%,0
Pape Gueye,Villarreal,30,2143,1079,869,80.5%,351,249,70.9%,14,5,35.7%,10
Pau Navarro,Villarreal,23,1924,973,860,88.4%,98,63,64.3%,2,1,50.0%,0
Dani Parejo,Villarreal,32,1390,901,793,88.0%,231,187,81.0%,2,0,0.0%,3
Nicolas Pépé,Villarreal,36,2396,881,726,82.4%,432,334,77.3%,29,7,24.1%,7
Alberto Moleiro,Villarreal,37,2490,814,644,79.1%,356,263,73.9%,15,2,13.3%,14
Sergi Cardona,Villarreal,31,1965,739,603,81.6%,205,159,77.6%,76,19,25.0%,1
Juan Foyth,Villarreal,13,936,565,507,89.7%,67,45,67.2%,1,1,100.0%,2
Alfonso Pedraza,Villarreal,27,1690,603,476,78.9%,164,108,65.8%,77,18,23.4%,2
Thomas Partey,Villarreal,25,923,547,473,86.5%,141,104,73.8%,1,1,100.0%,5
Gerard Moreno,Villarreal,22,1350,568,450,79.2%,231,167,72.3%,11,2,18.2%,7
Tajon Buchanan,Villarreal,34,1821,466,379,81.3%,194,150,77.3%,33,3,9.1%,0
Georges Mikautadze,Villarreal,32,2117,400,302,75.5%,190,133,70.0%,10,2,20.0%,6
Ayoze Pérez,Villarreal,25,1122,256,194,75.8%,117,82,70.1%,7,1,14.3%,2
Koke,Atlético Madrid,34,2220,1907,1753,91.9%,541,455,84.1%,30,7,23.3%,12
Marcos Llorente,Atlético Madrid,29,2184,1432,1281,89.5%,425,350,82.3%,50,11,22.0%,4
Dávid Hancko,Atlético Madrid,30,2434,1449,1270,87.7%,340,245,72.1%,29,3,10.3%,2
Robin Le Normand,Atlético Madrid,28,1783,1047,937,89.5%,115,81,70.4%,3,1,33.3%,0
Pablo Barrios,Atlético Madrid,23,1666,1052,936,89.0%,384,317,82.5%,31,10,32.3%,8
Clément Lenglet,Atlético Madrid,19,1393,924,811,87.8%,146,101,69.2%,2,0,0.0%,2
Marc Pubill,Atlético Madrid,19,1382,914,805,88.1%,124,79,63.7%,8,2,25.0%,4
Giuliano Simeone,Atlético Madrid,31,2109,946,774,81.8%,382,282,73.8%,48,10,20.8%,3
Matteo Ruggeri,Atlético Madrid,26,1775,891,773,86.8%,307,256,83.4%,87,28,32.2%,3
José María Giménez,Atlético Madrid,16,1177,802,723,90.2%,111,18,73.0%,0,0,0.0%,0
Antoine Griezmann,Atlético Madrid,34,1468,730,602,82.5%,283,211,74.6%,33,5,15.2%,10
Thiago Almada,Atlético Madrid,27,1312,689,597,86.7%,296,239,80.7%,25,3,12.0%,12
Álex Baena,Atlético Madrid,27,1572,728,590,81.0%,316,238,75.3%,58,17,29.3%,6
Julián Alvarez,Atlético Madrid,29,1902,689,575,83.5%,348,271,77.9%,22,7,31.8%,10
Nahuel Molina,Atlético Madrid,26,1321,699,563,80.5%,208,154,74.0%,43,10,23.3%,1
Rodrigo Mendoza,Atlético Madrid,24,1231,643,549,85.4%,219,167,76.3%,11,3,27.3%,10
Nico González,Atlético Madrid,24,1453,534,406,76.0%,198,128,64.7%,27,3,11.1%,3
Alexander Sørloth,Atlético Madrid,35,1981,425,289,68.0%,187,126,67.4%,11,2,18.2%,2
Pablo Fornals,Real Betis,37,2865,1798,1559,86.7%,670,530,79.1%,66,12,18.2%,14
Natan,Real Betis,33,2810,1432,1264,88.3%,118,67,56.8%,1,0,0.0%,1
Marc Bartra,Real Betis,25,1978,1165,1008,86.5%,171,103,60.2%,3,1,33.3%,3
Antony,Real Betis,32,2459,1196,980,81.9%,564,438,77.7%,51,13,25.5%,8
Marc Roca,Real Betis,29,2025,1074,946,88.1%,266,203,76.3%,7,1,14.3%,7
Héctor Bellerín,Real Betis,27,1820,1028,907,88.2%,260,206,79.2%,29,6,20.7%,1
Valentín Gómez,Real Betis,28,1875,958,823,85.9%,146,94,64.4%,12,3,25.0%,0
Sofyan Amrabat,Real Betis,17,1296,898,818,91.1%,175,142,81.1%,7,0,0.0%,1
Giovani Lo Celso,Real Betis,24,1396,865,761,88.0%,361,290,80.3%,14,4,28.6%,8
Sergi Altimira,Real Betis,24,1182,768,700,91.2%,150,124,82.7%,3,2,66.7%,3
Diego Llorente,Real Betis,18,1226,730,660,90.4%,53,27,50.9%,1,0,0.0%,0
Abde Ezzalzouli,Real Betis,29,2255,798,633,79.3%,351,264,75.2%,55,9,16.4%,6
Aitor Ruibal,Real Betis,27,1814,698,577,82.7%,226,168,74.3%,30,9,30.0%,3
Ricardo Rodríguez,Real Betis,23,1546,634,537,84.7%,135,102,75.6%,15,7,46.7%,1
Cucho Hernández,Real Betis,32,2592,656,471,71.8%,324,216,66.7%,23,3,13.0%,3
Marcos Alonso,Celta Vigo,32,2770,2378,2145,90.2%,505,381,75.5%,196,31,31.6%,6
Javi Rodríguez,Celta Vigo,33,2561,1842,1664,90.3%,335,271,80.9%,1,0,0.0%,3
Sergio Carreira,Celta Vigo,34,2693,1510,1289,85.4%,422,339,80.3%,30,5,16.7%,2
Álvaro Núñez,Celta Vigo,25,1984,1222,1117,91.4%,312,277,88.8%,53,15,28.3%,1
Óscar Mingueza,Celta Vigo,34,1967,1237,1051,85.0%,484,370,76.5%,389,23,23.7%,17
Carl Starfelt,Celta Vigo,19,1492,1015,973,95.9%,44,37,84.1%,0,0,0.0%,0
Ilaix Moriba,Celta Vigo,36,2488,1045,924,88.4%,279,223,79.9%,2,0,0.0%,6
Hugo Sotelo,Celta Vigo,20,1342,995,918,92.3%,300,266,88.7%,4,3,75.0%,4
Miguel Román,Celta Vigo,19,1310,748,656,87.7%,180,136,75.6%,2,1,50.0%,10
Hugo Álvarez,Celta Vigo,28,1337,610,522,85.6%,277,228,82.3%,18,2,11.1%,4
Fer López,Celta Vigo,17,1174,585,504,86.2%,204,157,77.0%,4,2,50.0%,12
Iago Aspas,Celta Vigo,32,1130,635,499,78.6%,342,247,72.2%,14,5,35.7%,23
Yoel Lago,Celta Vigo,12,940,54,49,91.7%,4,2,50.0%,0,0,0.0%,0
Javi Rueda,Celta Vigo,26,1404,532,407,76.5%,201,144,71.6%,29,5,17.2%,2
Borja Iglesias,Celta Vigo,35,1902,456,333,73.0%,177,111,62.7%,3,0,0.0%,10
Ferran Jutglà,Celta Vigo,30,1663,416,324,77.9%,162,112,69.1%,20,4,20.0%,2
Pablo Durán,Celta Vigo,30,1424,362,261,72.1%,156,107,68.6%,13,0,0.0%,3
Bryan Zaragoza,Celta Vigo,19,1135,334,259,77.5%,178,126,70.8%,53,11,20.8%,7
Williot Swedberg,Celta Vigo,29,1268,294,228,77.5%,119,88,74.0%,8,2,25.0%,4
Luis Milla,Getafe,37,3273,1386,1080,77.9%,511,346,67.7%,53,11,20.8%,8
Domingos Duarte,Getafe,34,2928,899,688,76.5%,176,79,44.9%,0,0,0.0%,0
Djené Dakonam,Getafe,34,2585,797,627,78.7%,180,106,58.9%,1,1,100.0%,0
Mauro Arambarri,Getafe,37,3255,799,604,75.6%,292,182,62.3%,17,2,11.8%,4
Juan Iglesias,Getafe,37,3189,864,556,64.3%,337,181,53.7%,106,22,20.8%,1
Kiko Femenía,Getafe,28,2020,601,465,77.4%,224,150,67.0%,42,10,23.8%,2
Mario Martín,Getafe,35,2134,569,416,73.1%,203,114,56.2%,13,2,15.4%,2
Diego Rico,Getafe,28,1753,590,377,63.9%,230,125,54.4%,59,11,18.6%,1
Abdel Abqar,Getafe,23,1440,441,319,72.3%,102,35,34.3%,2,0,0.0%,0
Zaid Romero,Getafe,15,1350,425,294,69.2%,116,52,44.8%,4,1,25.0%,1
Martín Satriano,Getafe,18,1604,368,238,64.7%,175,111,63.4%,2,1,15.0%,2
Borja Mayoral,Getafe,16,1059,264,214,81.1%,112,86,76.8%,6,1,16.7%,3
Adrián Liso,Getafe,28,1709,274,189,69.0%,132,79,59.9%,37,3,8.1%,0
Luis Vázquez,Getafe,17,1204,207,118,57.0%,101,52,51.5%,2,0,0.0%,0
Florian Lejeune,Rayo Vallecano,36,3231,2129,1858,87.3%,309,173,56.0%,8,3,37.5%,0
Andrei Ratiu,Rayo Vallecano,35,2804,1320,1085,82.2%,458,337,73.6%,104,25,24.0%,6
Pep Chavarría,Rayo Vallecano,33,2681,1278,1081,84.6%,330,255,77.3%,97,16,16.5%,7
Pathé Ciss,Rayo Vallecano,29,1995,1192,1063,89.2%,221,169,76.5%,1,1,100.0%,2
Unai López,Rayo Vallecano,28,1618,1064,922,86.7%,284,215,75.7%,17,2,11.8%,2
Nobel Mendy,Rayo Vallecano,24,1804,963,826,85.8%,97,40,41.2%,5,0,0.0%,1
Óscar Valentín,Rayo Vallecano,33,2113,889,788,88.6%,199,169,84.9%,3,0,0.0%,1
Isi Palazón,Rayo Vallecano,31,2262,872,719,82.5%,363,281,77.4%,22,7,31.8%,6
Pedro Díaz,Rayo Vallecano,34,1869,768,652,84.9%,275,210,76.4%,24,5,20.8%,6
Pacha Espino,Rayo Vallecano,30,1480,588,419,71.3%,213,134,62.9%,5,0,0.0%,3
Gerard Gumbau,Rayo Vallecano,28,1171,485,404,83.3%,132,93,70.5%,12,4,33.3%,2
Álvaro García,Rayo Vallecano,32,2105,521,356,68.3%,255,155,60.8%,90,15,16.7%,2
Jorge de Frutos,Rayo Vallecano,36,2483,397,302,76.1%,191,127,66.5%,47,10,21.3%,2
Fran Pérez,Rayo Vallecano,29,1234,304,250,82.2%,124,97,78.2%,46,6,13.0%,1
Alemão,Rayo Vallecano,26,1132,185,127,68.7%,82,46,56.1%,5,1,20.0%,1
Pepelu,Valencia,31,2232,1381,1190,86.2%,347,254,73.2%,122,16,16.7%,6
César Tárrega,Valencia,32,2597,1321,1140,86.3%,120,59,49.2%,1,0,0.0%,0
Copete,Valencia,21,1760,1004,859,85.6%,175,109,62.3%,4,3,75.0%,0
Javi Guerra,Valencia,36,2069,980,799,81.5%,307,215,70.0%,3,2,15.6%,8
José Gayà,Valencia,32,2461,924,775,83.9%,273,202,74.0%,88,19,21.6%,2
Eray Cömert,Valencia,17,1339,799,686,85.9%,104,60,57.7%,1,1,100.0%,1
Luis Rioja,Valencia,37,2636,837,658,78.6%,366,262,71.6%,91,12,23.1%,0
Guido Rodríguez,Valencia,16,1308,707,615,87.0%,187,147,78.6%,2,1,50.0%,0
Filip Ugrinic,Valencia,27,1507,655,549,83.8%,210,157,74.8%,18,5,27.8%,2
Thierry Correia,Valencia,24,1394,648,529,81.6%,197,145,73.6%,41,6,14.6%,3
André Almeida,Valencia,22,1016,568,511,90.0%,240,207,86.3%,25,5,20.0%,2
Dimitri Foulquier,Valencia,15,1148,518,439,84.8%,98,70,71.4%,12,4,33.3%,0
Diego López,Valencia,34,1762,513,393,76.6%,211,143,67.8%,43,7,16.3%,2
Unai Núñez,Valencia,13,912,435,370,85.1%,63,37,58.7%,4,1,25.0%,1
Lucas Beltrán,Valencia,27,1366,391,306,78.3%,159,124,78.0%,9,2,22.2%,4
Arnaut Danjuma,Valencia,30,1627,392,304,77.5%,155,102,65.8%,43,13,30.2%,3
Jesús Vázquez,Valencia,24,962,339,285,84.1%,102,80,78.4%,26,5,19.2%,0
Hugo Duro,Valencia,36,1981,392,276,70.4%,133,76,57.1%,1,0,0.0%,1
Largie Ramazani,Valencia,27,1224,315,234,74.3%,158,105,66.5%,28,6,21.4%,9
Umar Sadiq,Valencia,25,1054,179,122,68.2%,86,51,59.3%,6,3,50.0%,3
Sergio Gómez,Real Sociedad,35,2705,1510,1308,86.6%,435,330,75.9%,97,25,25.8%,4
Jon Martín,Real Sociedad,25,2250,1356,1237,91.2%,120,85,70.8%,0,0,0.0%,0
Duje Caleta-Car,Real Sociedad,27,2150,1358,1230,90.6%,122,77,63.1%,1,0,0.0%,2
Jon Gorrotxategi,Real Sociedad,30,2215,1309,1138,86.9%,291,220,75.6%,4,0,0.0%,2
Jon Aramburu,Real Sociedad,35,2778,1284,1039,80.9%,323,231,71.5%,47,7,14.9%,1
Carlos Soler,Real Sociedad,33,2325,1195,1033,86.4%,428,331,77.3%,24,10,41.7%,9
Igor Zubeldia,Real Sociedad,25,2082,1153,1016,88.1%,131,73,55.7%,0,0,0.0%,3
Brais Méndez,Real Sociedad,29,1672,878,720,82.0%,357,273,76.5%,26,4,15.4%,6
Beñat Turrientes,Real Sociedad,27,1347,697,602,86.4%,176,127,72.2%,6,1,16.7%,3
Mikel Oyarzabal,Real Sociedad,34,2714,777,597,76.8%,343,234,68.2%,17,1,15.9%,14
Ander Barrenetxea,Real Sociedad,30,1769,726,583,80.3%,329,249,75.7%,57,7,12.3%,5
Gonçalo Guedes,Real Sociedad,32,1832,565,422,74.7%,288,203,70.5%,68,16,23.5%,3
Takefusa Kubo,Real Sociedad,24,1508,489,388,79.3%,230,163,70.9%,22,2,9.1%,7
Luka Sucic,Real Sociedad,22,1018,463,368,79.5%,145,92,63.5%,6,0,0.0%,10
Pablo Marín,Real Sociedad,34,1494,374,296,79.1%,117,83,70.9%,17,4,23.5%,2
Leandro Cabrera,Espanyol,37,3330,1511,1215,80.4%,299,145,48.5%,20,3,15.0%,1
Fernando Calero,Espanyol,28,2150,1224,1083,88.5%,111,50,45.0%,20,0,0.0%,0
Omar El Hilali,Espanyol,36,2828,1244,1002,80.5%,254,167,65.8%,57,18,31.6%,2
Pol Lozano,Espanyol,33,2171,946,822,86.9%,285,177,76.1%,20,6,30.0%,4
Carlos Romero,Espanyol,36,3195,1011,802,79.3%,307,210,68.4%,89,16,18.0%,1
Urko González de Zárate,Espanyol,36,2629,981,794,80.9%,242,165,68.2%,12,1,18.3%,4
Edu Expósito,Espanyol,36,2542,1016,775,76.3%,438,275,62.8%,91,16,17.6%,12
Clemens Riedel,Espanyol,20,1397,812,717,88.3%,94,48,51.1%,2,1,50.0%,0
Tyrhys Dolan,Espanyol,36,2431,555,463,83.4%,237,178,75.1%,96,20,20.8%,3
Pere Milla,Espanyol,33,1986,534,382,71.5%,222,141,63.5%,2,3,14.3%,8
Roberto Fernández,Espanyol,38,2387,364,254,69.8%,143,86,60.1%,9,1,11.1%,2
Kike García,Espanyol,37,1727,389,252,64.8%,176,92,52.3%,18,1,5.6%,3
Ramon Terrats,Espanyol,29,1023,256,197,77.0%,120,77,64.2%,18,2,11.1%,3
Jofre Carreras,Espanyol,26,921,214,160,74.8%,81,49,60.5%,36,9,25.0%,1
Yuri Berchiche,Athletic Bilbao,32,2709,1476,1292,87.5%,435,349,80.2%,64,14,21.9%,1
Dani Vivian,Athletic Bilbao,31,2563,1349,1154,85.5%,224,139,62.0%,11,3,27.3%,1
Aymeric Laporte,Athletic Bilbao,25,2060,1237,1103,89.2%,179,109,60.9%,2,1,50.0%,3
Mikel Jauregizar,Athletic Bilbao,36,2843,1344,1081,80.4%,494,351,71.0%,44,6,13.6%,4
Íñigo Ruíz de Galarreta,Athletic Bilbao,34,2231,1240,1023,82.5%,475,344,72.4%,34,6,17.6%,12
Aitor Paredes,Athletic Bilbao,19,1629,943,826,87.6%,130,77,59.2%,1,0,0.0%,2
Alex Berenguer,Athletic Bilbao,31,2164,768,591,77.0%,396,285,72.0%,94,21,22.3%,6
Jesús Areso,Athletic Bilbao,26,1504,581,485,83.5%,195,142,72.8%,85,17,20.0%,0
Oihan Sancet,Athletic Bilbao,28,1803,595,484,81.3%,256,199,77.7%,23,4,17.4%,4
Andoni Gorosabel,Athletic Bilbao,24,1358,555,475,85.6%,180,135,75.0%,55,13,23.6%,0
Alejandro Rego,Athletic Bilbao,29,1265,539,443,82.2%,152,104,68.4%,5,2,40.0%,1
Nico Williams,Athletic Bilbao,25,1687,567,439,77.4%,285,193,67.7%,57,12,21.1%,2
Gorka Guruzeta,Athletic Bilbao,35,2371,522,351,67.2%,254,150,59.1%,7,1,14.3%,3
Iñaki Williams,Athletic Bilbao,30,2168,496,344,69.3%,285,174,61.0%,67,11,16.4%,7
Robert Navarro,Athletic Bilbao,32,1294,416,336,80.8%,219,166,75.8%,53,7,13.2%,3
Unai Gómez,Athletic Bilbao,26,932,222,168,75.7%,95,63,66.3%,19,3,15.8%,0
Kike Salas,Sevilla,26,2203,1369,1098,80.2%,240,124,51.7%,10,2,20.0%,0
Lucien Agoumé,Sevilla,34,2693,1303,1056,81.0%,467,332,71.1%,20,3,15.0%,9
Nemanja Gudelj,Sevilla,34,2348,1106,977,88.3%,161,101,62.7%,5,1,20.0%,1
José Ángel Carmona,Sevilla,35,2564,1164,946,81.3%,323,225,69.7%,48,13,27.1%,2
Gabriel Suazo,Sevilla,29,2096,1026,855,83.3%,330,241,73.0%,52,16,30.8%,3
Djibril Sow,Sevilla,33,2195,950,846,89.0%,248,205,82.7%,4,2,50.0%,1
Andrés Castrín,Sevilla,19,1275,749,646,86.3%,94,58,61.7%,1,0,0.0%,0
Juanlu Sánchez,Sevilla,32,1993,764,636,83.3%,285,220,77.2%,59,18,30.5%,0
César Azpilicueta,Sevilla,17,1218,702,621,88.5%,105,78,74.3%,12,5,41.7%,0
Batista Mendy,Sevilla,27,1619,653,565,86.5%,182,140,76.9%,5,1,20.0%,2
Rubén Vargas,Sevilla,24,1608,561,410,73.1%,238,160,67.2%,37,6,16.2%,1
Marcão,Sevilla,13,937,466,407,87.3%,59,31,52.5%,1,0,0.0%,1
Oso,Sevilla,21,1409,441,333,75.5%,166,119,71.7%,47,10,21.3%,1
Alexis Sánchez,Sevilla,28,1298,444,331,74.5%,229,162,70.7%,112,18,16.2%,3
Chidera Ejuke,Sevilla,27,923,360,302,83.9%,161,123,76.4%,26,5,19.2%,2
Peque Fernández,Sevilla,26,978,364,296,81.3%,154,116,75.3%,4,0,0.0%,6
Isaac Romero,Sevilla,29,1490,336,243,72.3%,138,81,58.7%,10,1,10.0%,3
Akor Adams,Sevilla,32,2059,357,228,63.9%,170,90,52.9%,18,1,5.6%,1
Antonio Blanco,Alaves,36,3116,1836,1570,85.5%,418,299,71.5%,297,24,8.1%,3
Jonny,Alaves,34,2998,1757,1522,86.6%,403,303,75.2%,247,29,11.7%,2
Nahuel Tenaglia,Alaves,36,3239,1362,1177,86.4%,203,125,61.6%,17,3,17.6%,0
Pablo Ibáñez,Alaves,37,2247,1011,867,85.8%,326,253,77.6%,36,7,19.4%,2
Jon Pacheco,Alaves,22,1734,939,812,86.5%,154,93,60.4%,4,1,25.0%,1
Carles Aleñá,Alaves,34,1995,850,725,85.3%,333,274,82.3%,42,10,23.8%,2
Denis Suárez,Alaves,30,1406,797,684,85.8%,281,214,76.2%,15,3,20.0%,8
Victor Parada,Alaves,30,2151,761,626,82.3%,159,107,67.3%,31,8,25.8%,0
Youssef Enríquez,Alaves,25,1332,535,424,79.3%,143,101,70.6%,60,19,31.7%,2
Toni Martínez,Alaves,37,2725,670,392,58.5%,300,144,48.0%,15,4,26.7%,4
Carlos Vicente,Alaves,21,1256,472,378,80.1%,167,121,72.5%,94,18,19.1%,0
Abde Rebbach,Alaves,30,1492,461,367,79.6%,190,135,71.0%,49,5,10.2%,0
Jon Guridi,Alaves,28,1240,444,365,82.2%,145,114,78.6%,12,2,16.7%,0
Ángel Pérez,Alaves,16,1290,469,351,74.8%,184,128,69.6%,75,17,22.7%,2
Lucas Boyé,Alaves,29,1959,417,305,73.1%,200,134,67.0%,9,0,0.0%,0
David Affengruber,Elche,36,2953,2073,1813,87.5%,309,186,60.2%,9,1,11.1%,5
Aleix Febas,Elche,36,3166,1958,1753,89.5%,709,594,83.8%,25,3,12.0%,9
Victor Chust,Elche,31,2165,1518,1369,90.2%,294,218,74.2%,11,2,18.2%,0
Pedro Bigas,Elche,28,2068,1502,1333,88.8%,324,250,77.2%,26,8,30.8%,1
Marc Aguado,Elche,35,2514,1327,1205,90.8%,260,222,85.4%,22,0,0.0%,0
Germán Valera,Elche,36,2869,1151,1007,87.5%,482,416,86.3%,91,23,25.3%,2
Léo Pétrot,Elche,32,1568,951,825,86.8%,159,123,77.4%,17,2,11.8%,0
Martim Neto,Elche,25,1352,602,529,87.9%,252,215,85.3%,18,5,27.8%,3
André Silva,Elche,31,1853,496,389,78.4%,227,170,74.9%,3,0,0.0%,2
Adrià Pedrosa,Elche,27,1084,421,353,83.8%,126,98,77.8%,37,12,32.4%,2
Álvaro Rodríguez,Elche,34,2200,537,346,64.4%,254,154,60.6%,10,4,40.0%,3
Rafa Mir,Elche,27,1809,415,332,80.0%,172,134,77.9%,20,3,15.0%,0
Grady Diangana,Elche,20,929,294,246,83.7%,120,87,72.5%,8,2,25.0%,2
Tete Morente,Elche,13,933,312,234,75.0%,157,114,72.6%,45,6,13.3%,3
Adrián de la Fuente,Levante,33,2710,1491,1224,82.1%,324,157,48.5%,40,12,30.0%,5
Matías Moreno,Levante,28,2256,1087,933,85.8%,162,97,59.9%,3,1,33.3%,1
Jeremy Toljan,Levante,37,3173,1131,874,77.3%,299,177,59.2%,74,28,37.8%,3
Manu Sánchez,Levante,33,2818,919,749,81.5%,271,196,72.3%,70,14,20.0%,0
Kervin Arriaga,Levante,27,1526,716,593,82.8%,169,110,65.1%,5,3,60.0%,2
Pablo Martínez,Levante,27,1865,689,540,78.4%,244,155,63.5%,28,11,39.3%,6
Carlos Álvarez,Levante,30,1897,656,531,81.0%,302,226,74.8%,15,1,6.7%,14
Jon Olasagasti,Levante,33,1729,666,504,75.7%,259,165,63.7%,35,9,25.7%,4
Oriol Rey,Levante,20,1319,575,503,87.5%,127,99,78.0%,6,4,66.7%,1
Alan Matturro,Levante,19,941,474,391,82.5%,79,32,40.5%,0,0,0.0%,0
Iván Romero,Levante,32,2278,534,391,73.2%,247,151,61.1%,20,3,15.0%,7
Unai Elgezabal,Levante,12,958,409,348,85.1%,50,20,40.0%,0,0,0.0%,1
Víctor García,Levante,21,1040,294,224,76.2%,109,69,63.3%,62,14,22.6%,0
Roger Brugué,Levante,19,1007,244,201,82.4%,90,65,72.2%,11,6,54.5%,0
Karl Etta Eyong,Levante,33,1668,283,195,68.9%,126,75,59.5%,13,1,7.7%,1
Kareem Tunde,Levante,21,1144,224,173,77.2%,83,57,68.7%,11,1,9.1%,0
Carlos Espí,Levante,25,1338,211,139,65.9%,93,53,57.0%,1,0,0.0%,0
Alejandro Catena,Osasuna,35,3073,1696,1452,85.6%,223,123,55.2%,2,0,0.0%,0
Enzo Boyomo,Osasuna,30,2545,1314,1135,86.4%,164,100,61.0%,1,0,0.0%,0
Jon Moncayola,Osasuna,36,3028,1388,1112,80.1%,440,295,67.0%,102,20,19.6%,2
Valentin Rosier,Osasuna,31,2554,1050,854,81.3%,298,210,70.5%,46,11,23.9%,3
Moi Gómez,Osasuna,26,1196,869,772,88.8%,320,272,85.0%,24,4,16.7%,1
Javi Galán,Osasuna,25,1807,906,760,83.9%,275,206,74.9%,88,30,34.1%,0
Lucas Torró,Osasuna,34,2307,992,740,74.6%,283,162,57.2%,2,0,0.0%,0
Aimar Oroz,Osasuna,31,2152,849,677,79.7%,376,288,76.6%,21,7,33.3%,7
Rubén García,Osasuna,35,2247,828,658,79.5%,320,229,71.6%,50,11,22.0%,1
Jorge Herrando,Osasuna,28,1598,702,604,86.0%,70,39,55.7%,1,0,0.0%,0
Víctor Muñoz,Osasuna,34,2668,623,503,80.7%,294,221,75.2%,103,22,21.4%,1
Abel Bretones,Osasuna,28,1619,503,388,77.1%,169,124,73.4%,33,12,36.4%,2
Iker Muñoz,Osasuna,19,949,493,418,84.9%,135,103,76.3%,6,1,16.7%,1
Ante Budimir,Osasuna,37,2953,393,236,60.0%,189,98,51.9%,4,0,0.0%,3
Raúl García,Osasuna,36,1013,234,157,67.1%,94,46,48.9%,9,4,44.4%,0
Martin Valjent,Mallorca,37,3309,1784,1555,87.2%,243,145,59.7%,2,0,0.0%,1
Samú Costa,Mallorca,34,2705,1268,1013,79.9%,338,213,63.0%,30,3,10.0%,2
Antonio Raíllo,Mallorca,24,2070,1141,1009,88.4%,141,86,61.0%,4,1,25.0%,0
Sergi Darder,Mallorca,38,2689,1159,980,84.6%,398,298,74.9%,74,18,24.3%,6
Johan Mojica,Mallorca,35,2725,1210,957,79.1%,365,261,71.5%,119,35,29.4%,2
Omar Mascarell,Mallorca,30,2245,1082,930,86.0%,194,131,67.5%,6,1,16.7%,0
Manu Morlanes,Mallorca,32,1773,947,846,89.3%,298,241,80.9%,11,2,18.2%,3
Pablo Maffeo,Mallorca,31,2672,932,713,76.5%,261,173,66.3%,85,28,32.9%,1
Pablo Torre,Mallorca,35,1603,803,683,85.1%,305,242,79.3%,24,3,12.5%,2
Vedat Muriqi,Mallorca,37,3134,703,456,64.9%,271,141,52.0%,8,3,37.5%,3
Jan Virgili,Mallorca,31,1797,407,308,75.7%,195,133,68.2%,37,7,18.9%,2
Antonio Sánchez,Mallorca,30,1060,377,297,78.8%,127,85,66.9%,26,4,15.4%,1
Mateo Joseph,Mallorca,29,1703,302,246,81.5%,128,95,74.2%,14,4,28.6%,0
Daley Blind,Girona,31,2610,2107,1883,89.4%,401,305,76.1%,10,3,30.0%,6
Vitor Reis,Girona,36,3138,1924,1750,91.0%,185,132,71.3%,0,0,0.0%,1
Axel Witsel,Girona,32,2533,1466,1337,91.2%,332,284,85.5%,1,0,0.0%,0
Iván Martín,Girona,35,2538,1411,1261,89.4%,415,348,83.9%,15,4,26.7%,5
Arnau Martínez,Girona,35,2678,1428,1217,85.2%,364,284,78.0%,50,8,16.0%,3
Fran Beltrán,Girona,27,1544,1055,965,91.5%,284,243,85.6%,8,2,25.0%,1
Álex Moreno,Girona,31,2558,1054,882,83.7%,339,258,76.1%,65,10,15.4%,2
Viktor Tsygankov,Girona,32,2641,1002,826,82.4%,499,393,78.8%,54,5,9.3%,4
Azzedine Ounahi,Girona,24,1766,907,778,85.8%,464,372,80.2%,28,9,32.1%,20
Hugo Rincón,Girona,33,1741,774,639,82.6%,269,210,78.1%,36,4,11.1%,0
Alejandro Francés,Girona,24,1103,731,608,83.2%,212,152,71.7%,24,9,37.5%,1
Thomas Lemar,Girona,27,1259,658,580,88.2%,278,235,84.5%,18,2,11.1%,1
Bryan Gil,Girona,29,1586,518,434,83.8%,224,169,75.5%,46,13,28.3%,4
Joel Roca,Girona,32,1469,382,318,83.3%,187,152,81.3%,32,3,9.4%,1
Vladyslav Vanat,Girona,27,1960,273,213,78.0%,103,72,69.9%,5,1,20.0%,2
David Costas,Real Oviedo,25,2064,1024,910,88.9%,100,60,60.0%,2,0,0.0%,0
Alberto Reina,Real Oviedo,37,2480,1040,888,85.4%,324,240,74.1%,28,5,17.9%,4
Santiago Colombatto,Real Oviedo,32,2069,1019,876,86.0%,268,203,75.8%,20,9,45.0%,7
David Carmo,Real Oviedo,22,1787,1017,838,82.4%,159,82,51.6%,2,1,150.0%,1
Nacho Vidal,Real Oviedo,29,2272,918,745,81.2%,203,131,64.5%,41,5,12.2%,2
Dani Calvo,Real Oviedo,20,1609,788,716,90.9%,65,31,47.7%,1,0,0.0%,0
Javi Lopez,Real Oviedo,25,1712,742,591,79.7%,155,115,74.2%,59,17,28.8%,1
Kwasi Sibo,Real Oviedo,26,1686,679,589,86.8%,115,89,77.4%,2,0,0.0%,0
Rahim Alhassane,Real Oviedo,27,1710,720,576,80.0%,187,130,69.5%,69,13,18.8%,0
Ilyas Chaira,Real Oviedo,36,2458,663,552,83.3%,234,187,79.9%,74,12,16.2%,1
Nicolás Fonseca,Real Oviedo,19,1019,563,480,85.3%,105,76,72.4%,4,1,25.0%,2
Eric Bailly,Real Oviedo,15,1236,563,480,85.3%,62,29,46.8%,1,0,0.0%,0
Leander Dendoncker,Real Oviedo,19,1332,554,477,86.1%,120,91,75.8%,5,2,40.0%,1
Santi Cazorla,Real Oviedo,28,925,543,470,86.6%,206,160,77.7%,15,3,20.0%,2
Haissem Hassan,Real Oviedo,37,1943,497,400,80.5%,181,122,67.4%,112,27,24.1%,3
Federico Viñas,Real Oviedo,33,2451,517,372,72.0%,218,133,61.0%,2,1,50.0%,1
Lucas Ahijado,Real Oviedo,20,1091,142,73,79.9%,111,79,71.2%,16,5,31.3%,2
Salomón Rondón,Real Oviedo,16,1037,206,148,71.8%,61,40,65.6%,2,1,50.0%,0
