club,att_goals,att_xg,att_goals_vs_xg,att_shots,att_sot,att_conversion_pct,att_xg_per_shot,att_goals_per_game,att_np_goals,att_np_xg,att_np_goals_vs_xg,att_sp_goals,att_sp_shots,att_sp_xg,att_sp_goal_pct,att_sp_shot_pct,att_sp_xg_pct,att_touches_in_box,att_hit_woodwork,att_fast_breaks_total,att_fast_breaks_goals,def_tackles,def_interceptions,def_possession_won,def_blocks,def_clearances,def_avg_possession_pct,def_goals_conceded,def_xg_against,def_goals_vs_xg_against,def_shots_against,def_shots_in_box_pct,pas_passes_total,pas_passes_successful,pas_passes_pct,pas_final_third_successful,pas_final_third_pct,pas_direction_fwd_pct,pas_crosses_successful,pas_through_balls,prs_ppda,prs_pressed_seqs,prs_start_distance,prs_high_turnovers_total,prs_high_turnovers_shot_ending,prs_high_turnovers_goal_ending,prs_high_turnovers_shot_pct,seq_passes_10_plus,seq_direct_speed,seq_passes_per_seq,seq_sequence_time,seq_buildups_total,seq_direct_attacks_total,seq_direct_attacks_goals,msc_fouls,msc_yellows,msc_reds,msc_errors_lead_to_shot,msc_errors_lead_to_goal,msc_pens_conceded
Alaves,44,47.05,-3.05,463,153,9.5,0.1,1.16,37,41.54,-4.54,11,135,11.0,25.0,29.16,23.37,778,12,29,1,691,297,1859,148,901,48.0,56,47.67,8.33,473,64.69,15362,12346,80.4,2915,67.7,34.8,117,32,11.5,416,41.4,233,44,4,18.88,299,1.81,3.14,8.01,56,47,1,539,86,5,19,4,5
Athletic Bilbao,43,50.6,-7.6,522,172,8.24,0.1,1.13,38,45.87,-7.87,6,139,10.55,13.95,26.63,20.85,978,12,18,4,571,349,1983,78,808,48.6,58,42.24,15.76,357,64.43,15562,12496,80.3,3421,66.9,35.0,137,59,11.2,557,45.0,368,61,3,16.58,276,2.03,3.08,8.12,57,42,5,497,73,7,27,6,6
Atlético Madrid,62,58.87,3.13,498,193,12.45,0.12,1.63,59,55.71,3.29,12,132,11.0,19.35,26.51,18.68,1060,15,33,8,647,297,1839,114,812,53.3,44,48.98,-4.98,441,61.45,19208,16443,85.6,4121,75.8,30.2,130,100,12.2,427,42.3,267,31,5,11.61,495,1.7,4.16,11.03,124,64,2,399,77,5,22,4,6
Barcelona,95,86.62,8.38,692,257,13.73,0.13,2.5,88,78.73,9.27,15,155,11.48,15.79,22.4,13.25,1340,31,37,11,618,280,1756,95,716,68.8,36,45.33,-9.33,346,77.75,24800,22316,90.0,5850,81.6,25.7,89,121,8.7,471,43.9,294,51,10,17.35,845,1.68,5.19,14.22,231,65,9,348,59,2,22,3,5
Celta Vigo,53,49.52,3.48,382,153,13.87,0.13,1.39,45,43.21,1.79,7,78,6.27,13.21,20.42,12.65,749,5,25,3,545,274,1710,130,914,50.5,48,49.7,-1.7,478,64.44,18909,16281,86.1,3727,74.9,29.0,61,121,13.9,350,39.5,214,33,5,15.42,528,1.6,4.38,11.65,110,53,4,425,71,1,34,8,11
Elche,49,42.58,6.42,410,145,11.95,0.1,1.29,45,38.63,6.37,7,93,5.81,14.29,22.68,13.64,768,7,23,5,674,310,1798,148,864,57.7,57,62.61,-5.61,526,65.78,18937,16205,85.6,3963,75.8,31.8,113,44,9.8,398,39.9,226,44,3,19.47,488,1.69,3.81,10.58,94,46,6,482,77,7,30,7,7
Espanyol,43,48.94,-5.94,480,158,8.96,0.1,1.13,40,45.0,-5.0,14,170,14.39,32.56,35.42,29.4,731,7,33,5,611,318,1718,161,935,42.3,55,55.31,-0.31,521,68.33,13227,10385,78.5,2236,60.1,37.9,118,51,12.9,438,41.3,238,43,2,18.07,221,2.11,2.91,7.7,37,43,2,477,85,5,18,5,5
Getafe,32,30.59,1.41,352,105,9.09,0.09,0.84,30,27.43,2.57,12,152,8.89,37.5,43.18,29.07,582,4,14,1,684,339,1714,94,1063,40.1,38,42.62,-4.62,420,64.05,10912,7538,69.1,2091,55.2,44.5,95,25,11.7,497,42.7,250,28,1,11.2,65,1.95,2.19,5.62,9,18,1,542,103,8,23,8,4
Girona,39,48.2,-9.2,425,157,9.18,0.11,1.03,32,41.89,-9.89,6,98,8.93,15.38,23.06,18.52,824,10,31,3,588,292,1786,145,954,50.7,55,56.39,-1.39,552,67.75,17759,15217,85.7,3860,76.7,31.1,78,51,14.5,359,39.9,233,30,1,12.88,445,1.64,3.86,11.36,86,58,3,387,76,7,32,8,6
Levante,47,52.76,-5.76,476,147,9.87,0.11,1.24,45,48.02,-3.02,16,162,13.82,34.04,34.03,26.19,792,16,41,5,597,332,1709,157,1010,42.8,61,60.69,0.31,584,64.04,13505,10718,79.4,2265,61.5,35.9,123,50,13.6,398,40.7,234,40,5,17.09,240,1.92,2.93,7.86,39,53,5,446,84,5,18,3,4
Mallorca,47,43.5,3.5,413,158,11.38,0.1,1.24,42,37.98,4.02,8,112,7.73,17.02,27.12,17.77,706,5,23,4,560,272,1683,165,1099,46.9,57,62.66,-5.66,541,62.66,15085,12232,81.1,2572,66.5,36.0,131,25,13.4,342,40.7,224,27,3,12.05,301,1.87,3.35,9.33,54,46,3,443,79,5,20,7,8
Osasuna,44,45.95,-1.95,450,151,9.78,0.1,1.16,38,39.64,-1.64,15,144,12.04,34.09,32.0,26.21,879,11,32,2,552,297,1775,124,1007,46.8,50,49.38,0.62,474,58.44,14682,11797,80.3,2726,66.8,36.5,146,22,13.3,417,41.7,252,33,1,13.1,266,1.98,3.16,8.62,53,59,3,485,91,7,16,7,9
Rayo Vallecano,41,53.19,-12.19,531,184,7.72,0.1,1.08,38,49.25,-11.25,7,147,9.75,17.07,27.68,18.34,753,11,46,4,685,315,1935,155,992,53.4,44,49.48,-5.48,465,64.73,15858,13041,82.2,2895,67.8,33.9,114,48,9.9,400,41.3,244,42,2,17.21,310,1.83,3.28,8.8,45,67,1,482,97,9,23,2,8
Real Betis,59,55.63,3.37,541,184,10.91,0.1,1.55,56,53.27,2.73,9,123,9.47,15.25,22.74,17.01,860,17,72,8,657,342,1847,118,1067,50.2,48,46.91,1.09,469,62.05,17878,15207,85.1,3566,74.2,31.4,87,68,13.6,382,42.0,269,58,7,21.56,447,1.98,3.83,10.3,82,83,7,370,72,2,19,6,7
Real Madrid,77,78.0,-1.0,665,253,11.58,0.12,2.03,65,66.96,-1.96,13,175,14.75,16.88,26.32,18.91,1333,16,46,8,591,252,1776,124,639,59.4,35,41.17,-6.17,409,62.84,22307,20002,89.7,5743,82.0,27.7,68,97,11.5,415,43.3,279,65,11,23.3,724,1.74,4.91,13.55,169,103,7,359,68,7,27,5,4
Real Oviedo,26,35.84,-9.84,376,119,6.91,0.1,0.68,24,33.48,-9.48,10,111,9.57,38.46,29.52,26.69,637,10,22,3,678,301,1721,158,1021,46.1,60,60.05,-0.05,567,62.61,14851,12147,81.8,2296,67.7,34.1,110,36,12.8,293,40.1,211,34,2,16.11,276,1.72,3.26,9.25,42,37,2,449,73,10,40,13,7
Real Sociedad,59,54.42,4.58,469,175,12.58,0.12,1.55,51,47.33,3.67,9,148,12.04,15.25,31.56,22.12,820,10,32,7,678,299,1737,145,947,51.3,61,57.72,3.28,529,63.71,17033,14161,83.1,3147,69.9,34.4,94,79,10.4,429,42.8,256,48,4,18.75,391,1.91,3.56,9.48,49,46,4,519,88,4,27,7,5
Sevilla,46,39.28,6.72,437,137,10.53,0.09,1.21,41,34.55,6.45,5,121,6.59,10.87,27.69,16.77,812,9,36,6,687,326,1803,116,924,51.0,60,57.23,2.77,402,70.15,15396,12521,81.3,2889,68.4,34.2,100,40,10.6,390,41.9,248,39,4,15.73,320,1.89,3.29,8.86,50,53,3,531,105,5,35,7,11
Valencia,46,49.19,-3.19,449,123,10.24,0.11,1.21,41,42.1,-1.1,10,129,9.58,21.74,28.73,19.47,812,14,32,6,605,292,1780,116,1010,47.6,55,47.51,7.49,446,65.7,15423,12603,81.7,2810,68.5,33.1,109,50,13.5,398,41.4,252,40,4,15.87,297,1.83,3.29,9.18,62,48,6,440,71,3,23,7,8
Villarreal,72,59.04,12.96,455,172,15.82,0.13,1.89,65,53.52,11.48,7,103,7.81,9.72,22.64,13.22,945,11,57,14,655,331,1784,158,1026,44.5,46,46.15,-0.15,486,60.91,15550,12927,83.1,2938,71.2,31.6,73,80,15.1,367,38.9,218,23,3,10.55,352,1.99,3.48,9.28,75,90,12,427,77,3,42,13,8
